race_url,race_id,race_name,finish_position,frame_number,horse_number,horse_name,sex_age,weight,jockey,time,margin,popularity,odds,horse_weight,race_name_expected,race_date_expected,venue_expected
https://www.keibalab.jp/db/race/202402180511/,202402180511,,1,5,9,ペプチドナイル,牡6,58.0,藤岡佑介,11,38.0,1:35.7,,④④,フェブラリーS,2024-02-18,東京
https://www.keibalab.jp/db/race/202402180511/,202402180511,,2,4,7,ガイアフォース,牡5,58.0,長岡禎仁,5,13.0,1:35.9,１1/4,⑧⑧,フェブラリーS,2024-02-18,東京
https://www.keibalab.jp/db/race/202402180511/,202402180511,,3,4,8,セキフウ,牡5,58.0,武豊,13,48.2,1:35.9,クビ,⑭⑭,フェブラリーS,2024-02-18,東京
https://www.keibalab.jp/db/race/202402180511/,202402180511,,4,5,10,タガノビューティー,牡7,58.0,石橋脩,7,17.1,1:35.9,ハナ,⑪⑨,フェブラリーS,2024-02-18,東京
https://www.keibalab.jp/db/race/202402180511/,202402180511,,5,6,11,キングズソード,牡5,58.0,岩田望来,4,9.4,1:36.0,1/2,⑪⑫,フェブラリーS,2024-02-18,東京
https://www.keibalab.jp/db/race/202402180511/,202402180511,,6,7,13,レッドルゼル,牡8,58.0,北村友一,6,13.5,1:36.5,３,⑯⑮,フェブラリーS,2024-02-18,東京
https://www.keibalab.jp/db/race/202402180511/,202402180511,,7,2,3,[地]ミックファイア,牡4,58.0,矢野貴之,9,34.4,1:36.5,ハナ,⑩⑨,フェブラリーS,2024-02-18,東京
https://www.keibalab.jp/db/race/202402180511/,202402180511,,8,7,14,ウィルソンテソーロ,牡5,58.0,松山弘平,2,3.9,1:36.6,アタマ,②②,フェブラリーS,2024-02-18,東京
https://www.keibalab.jp/db/race/202402180511/,202402180511,,9,8,15,ドンフランキー,牡5,58.0,池添謙一,10,36.0,1:36.6,アタマ,①①,フェブラリーS,2024-02-18,東京
https://www.keibalab.jp/db/race/202402180511/,202402180511,,10,8,16,アルファマム,牝5,56.0,キング,12,41.7,1:36.7,3/4,⑮⑮,フェブラリーS,2024-02-18,東京
https://www.keibalab.jp/db/race/202402180511/,202402180511,,11,1,1,[地]イグナイター,牡6,58.0,西村淳也,8,34.1,1:36.7,クビ,②②,フェブラリーS,2024-02-18,東京
https://www.keibalab.jp/db/race/202402180511/,202402180511,,12,2,4,ドゥラエレーデ,牡4,58.0,ムルザバ,3,5.5,1:36.8,クビ,④④,フェブラリーS,2024-02-18,東京
https://www.keibalab.jp/db/race/202402180511/,202402180511,,13,6,12,[地]スピーディキック,牝5,56.0,御神本訓,15,107.0,1:37.7,５,⑨⑨,フェブラリーS,2024-02-18,東京
https://www.keibalab.jp/db/race/202402180511/,202402180511,,14,3,5,オメガギネス,牡4,58.0,ルメール,1,3.2,1:38.0,１3/4,⑥⑥,フェブラリーS,2024-02-18,東京
https://www.keibalab.jp/db/race/202402180511/,202402180511,,15,3,6,カラテ,牡8,58.0,菅原明良,16,122.1,1:38.3,２,⑪⑫,フェブラリーS,2024-02-18,東京
https://www.keibalab.jp/db/race/202402180511/,202402180511,,16,1,2,シャンパンカラー,牡4,58.0,内田博幸,14,61.3,1:38.4,1/2,⑥⑥,フェブラリーS,2024-02-18,東京
https://www.keibalab.jp/db/race/202403240711/,202403240711,,1,1,2,(外)マッドクール,牡5,58.0,坂井瑠星,5,9.6,1:08.9,,③③,高松宮記念,2024-03-24,中京
https://www.keibalab.jp/db/race/202403240711/,202403240711,,2,2,3,ナムラクレア,牝5,56.0,浜中俊,2,5.4,1:08.9,アタマ,⑩⑩,高松宮記念,2024-03-24,中京
https://www.keibalab.jp/db/race/202403240711/,202403240711,,3,5,10,[外]ビクターザウィナー,セ6,58.0,リョン,6,9.6,1:09.4,３,①①,高松宮記念,2024-03-24,中京
https://www.keibalab.jp/db/race/202403240711/,202403240711,,4,7,13,ウインカーネリアン,牡7,58.0,三浦皇成,11,32.6,1:09.6,１1/2,②②,高松宮記念,2024-03-24,中京
https://www.keibalab.jp/db/race/202403240711/,202403240711,,5,6,12,(外)ロータスランド,牝7,56.0,岩田康誠,12,35.0,1:09.6,ハナ,⑬⑬,高松宮記念,2024-03-24,中京
https://www.keibalab.jp/db/race/202403240711/,202403240711,,6,3,5,トウシンマカオ,牡5,58.0,ルメール,4,8.4,1:09.7,1/2,⑥⑦,高松宮記念,2024-03-24,中京
https://www.keibalab.jp/db/race/202403240711/,202403240711,,7,1,1,ビッグシーザー,牡4,58.0,吉田隼人,9,21.4,1:09.8,1/2,⑥⑦,高松宮記念,2024-03-24,中京
https://www.keibalab.jp/db/race/202403240711/,202403240711,,8,7,14,ママコチャ,牝5,56.0,川田将雅,3,8.0,1:09.9,3/4,③③,高松宮記念,2024-03-24,中京
https://www.keibalab.jp/db/race/202403240711/,202403240711,,9,6,11,メイケイエール,牝6,56.0,池添謙一,10,21.9,1:10.0,1/2,⑥⑤,高松宮記念,2024-03-24,中京
https://www.keibalab.jp/db/race/202403240711/,202403240711,,10,3,6,ルガル,牡4,58.0,西村淳也,1,3.7,1:10.1,3/4,③⑤,高松宮記念,2024-03-24,中京
https://www.keibalab.jp/db/race/202403240711/,202403240711,,11,7,15,ディヴィーナ,牝6,56.0,Mデムー,13,60.9,1:10.2,3/4,⑮⑮,高松宮記念,2024-03-24,中京
https://www.keibalab.jp/db/race/202403240711/,202403240711,,12,8,16,ウインマーベル,牡5,58.0,松山弘平,8,16.9,1:10.5,１1/2,⑬⑬,高松宮記念,2024-03-24,中京
https://www.keibalab.jp/db/race/202403240711/,202403240711,,13,8,18,(外)シュバルツカイザー,セ6,58.0,大野拓弥,18,196.1,1:10.6,3/4,⑫⑩,高松宮記念,2024-03-24,中京
https://www.keibalab.jp/db/race/202403240711/,202403240711,,14,4,8,ソーダズリング,牝4,56.0,武豊,7,12.3,1:10.6,クビ,⑩⑫,高松宮記念,2024-03-24,中京
https://www.keibalab.jp/db/race/202403240711/,202403240711,,15,2,4,モズメイメイ,牝4,56.0,藤岡佑介,16,147.2,1:10.8,１1/4,⑰⑱,高松宮記念,2024-03-24,中京
https://www.keibalab.jp/db/race/202403240711/,202403240711,,16,8,17,マテンロウオリオン,牡5,58.0,横山典弘,17,172.5,1:10.9,3/4,⑰⑯,高松宮記念,2024-03-24,中京
https://www.keibalab.jp/db/race/202403240711/,202403240711,,17,5,9,シャンパンカラー,牡4,58.0,吉田豊,14,66.8,1:11.3,２1/2,⑮⑯,高松宮記念,2024-03-24,中京
https://www.keibalab.jp/db/race/202403240711/,202403240711,,18,4,7,テイエムスパーダ,牝5,56.0,富田暁,15,104.9,1:11.6,１1/2,⑥⑦,高松宮記念,2024-03-24,中京
https://www.keibalab.jp/db/race/202403310911/,202403310911,,1,6,11,ベラジオオペラ,牡4,58.0,横山和生,2,5.5,1:58.2,,②②②②,大阪杯,2024-03-31,阪神
https://www.keibalab.jp/db/race/202403310911/,202403310911,,2,1,2,ローシャムパーク,牡5,58.0,戸崎圭太,3,6.0,1:58.2,クビ,⑬⑫②②,大阪杯,2024-03-31,阪神
https://www.keibalab.jp/db/race/202403310911/,202403310911,,3,7,13,ルージュエヴァイユ,牝5,56.0,菅原明良,11,40.0,1:58.2,ハナ,⑫⑫⑪⑩,大阪杯,2024-03-31,阪神
https://www.keibalab.jp/db/race/202403310911/,202403310911,,4,5,9,ステラヴェローチェ,牡6,58.0,酒井学,7,15.0,1:58.3,1/2,⑨⑧⑨⑩,大阪杯,2024-03-31,阪神
https://www.keibalab.jp/db/race/202403310911/,202403310911,,5,3,6,ジオグリフ,牡5,58.0,北村宏司,8,15.4,1:58.5,１,④⑤④④,大阪杯,2024-03-31,阪神
https://www.keibalab.jp/db/race/202403310911/,202403310911,,6,4,8,プラダリア,牡5,58.0,池添謙一,4,6.5,1:58.6,１,⑥⑥⑦⑦,大阪杯,2024-03-31,阪神
https://www.keibalab.jp/db/race/202403310911/,202403310911,,7,5,10,ソールオリエンス,牡4,58.0,横山武史,5,8.2,1:58.7,クビ,⑨⑩④④,大阪杯,2024-03-31,阪神
https://www.keibalab.jp/db/race/202403310911/,202403310911,,8,3,5,スタニングローズ,牝5,56.0,西村淳也,6,12.5,1:58.7,アタマ,①①①①,大阪杯,2024-03-31,阪神
https://www.keibalab.jp/db/race/202403310911/,202403310911,,9,8,16,カテドラル,牡8,58.0,藤岡康太,16,355.5,1:58.9,１1/4,⑭⑭⑯⑮,大阪杯,2024-03-31,阪神
https://www.keibalab.jp/db/race/202403310911/,202403310911,,10,7,14,エピファニー,牡5,58.0,杉原誠人,13,57.0,1:58.9,クビ,⑭⑮⑪⑫,大阪杯,2024-03-31,阪神
https://www.keibalab.jp/db/race/202403310911/,202403310911,,11,2,3,タスティエーラ,牡4,58.0,松山弘平,1,4.4,1:58.9,ハナ,④③④④,大阪杯,2024-03-31,阪神
https://www.keibalab.jp/db/race/202403310911/,202403310911,,12,2,4,ハヤヤッコ,牡8,58.0,幸英明,15,139.5,1:59.0,クビ,⑯⑯⑭⑭,大阪杯,2024-03-31,阪神
https://www.keibalab.jp/db/race/202403310911/,202403310911,,13,4,7,ハーパー,牝4,56.0,岩田望来,9,17.1,1:59.5,３,⑥⑥⑨⑨,大阪杯,2024-03-31,阪神
https://www.keibalab.jp/db/race/202403310911/,202403310911,,14,1,1,ミッキーゴージャス,牝4,56.0,Mデムー,10,21.2,1:59.5,アタマ,⑨⑩⑭⑮,大阪杯,2024-03-31,阪神
https://www.keibalab.jp/db/race/202403310911/,202403310911,,15,6,12,キラーアビリティ,牡5,58.0,北村友一,14,82.4,2:00.2,４,⑧⑧⑪⑫,大阪杯,2024-03-31,阪神
https://www.keibalab.jp/db/race/202403310911/,202403310911,,16,8,15,リカンカブール,牡5,58.0,津村明秀,12,48.7,2:00.5,２,③③⑦⑧,大阪杯,2024-03-31,阪神
https://www.keibalab.jp/db/race/202404070911/,202404070911,,1,6,12,ステレンボッシュ,牝3,55.0,モレイラ,2,4.3,1:32.2,,⑪⑧,桜花賞,2024-04-07,阪神
https://www.keibalab.jp/db/race/202404070911/,202404070911,,2,5,9,アスコリピチェーノ,牝3,55.0,北村宏司,1,3.5,1:32.3,3/4,⑧⑧,桜花賞,2024-04-07,阪神
https://www.keibalab.jp/db/race/202404070911/,202404070911,,3,6,11,ライトバック,牝3,55.0,坂井瑠星,7,14.6,1:32.3,クビ,⑰⑱,桜花賞,2024-04-07,阪神
https://www.keibalab.jp/db/race/202404070911/,202404070911,,4,4,7,スウィープフィート,牝3,55.0,武豊,6,11.4,1:32.4,1/2,⑱⑰,桜花賞,2024-04-07,阪神
https://www.keibalab.jp/db/race/202404070911/,202404070911,,5,7,15,(外)エトヴプレ,牝3,55.0,鮫島克駿,9,61.8,1:32.5,クビ,②②,桜花賞,2024-04-07,阪神
https://www.keibalab.jp/db/race/202404070911/,202404070911,,6,1,1,ワイドラトゥール,牝3,55.0,北村友一,16,208.5,1:32.5,クビ,⑬⑫,桜花賞,2024-04-07,阪神
https://www.keibalab.jp/db/race/202404070911/,202404070911,,7,5,10,セキトバイースト,牝3,55.0,藤岡佑介,10,80.2,1:32.8,１1/2,③③,桜花賞,2024-04-07,阪神
https://www.keibalab.jp/db/race/202404070911/,202404070911,,8,1,2,クイーンズウォーク,牝3,55.0,川田将雅,3,5.7,1:32.8,クビ,⑧⑧,桜花賞,2024-04-07,阪神
https://www.keibalab.jp/db/race/202404070911/,202404070911,,9,7,13,テウメッサ,牝3,55.0,岩田望来,15,147.1,1:32.8,ハナ,⑬⑫,桜花賞,2024-04-07,阪神
https://www.keibalab.jp/db/race/202404070911/,202404070911,,10,3,6,ハワイアンティアレ,牝3,55.0,池添謙一,12,102.6,1:32.9,クビ,⑯⑮,桜花賞,2024-04-07,阪神
https://www.keibalab.jp/db/race/202404070911/,202404070911,,11,2,3,イフェイオン,牝3,55.0,西村淳也,8,31.1,1:32.9,アタマ,⑧⑧,桜花賞,2024-04-07,阪神
https://www.keibalab.jp/db/race/202404070911/,202404070911,,12,3,5,シカゴスティング,牝3,55.0,浜中俊,17,215.2,1:33.2,１1/2,⑥⑤,桜花賞,2024-04-07,阪神
https://www.keibalab.jp/db/race/202404070911/,202404070911,,13,8,18,チェルヴィニア,牝3,55.0,ムルザバ,4,6.1,1:33.4,１1/2,⑥⑤,桜花賞,2024-04-07,阪神
https://www.keibalab.jp/db/race/202404070911/,202404070911,,14,8,17,マスクオールウィン,牝3,55.0,津村明秀,13,109.4,1:33.5,クビ,⑮⑮,桜花賞,2024-04-07,阪神
https://www.keibalab.jp/db/race/202404070911/,202404070911,,15,8,16,セシリエプラージュ,牝3,55.0,Mデムー,14,122.2,1:33.5,クビ,⑪⑫,桜花賞,2024-04-07,阪神
https://www.keibalab.jp/db/race/202404070911/,202404070911,,16,4,8,コラソンビート,牝3,55.0,横山武史,5,7.7,1:33.6,3/4,③⑤,桜花賞,2024-04-07,阪神
https://www.keibalab.jp/db/race/202404070911/,202404070911,,17,7,14,ショウナンマヌエラ,牝3,55.0,岩田康誠,18,340.2,1:34.0,２1/2,①①,桜花賞,2024-04-07,阪神
https://www.keibalab.jp/db/race/202404070911/,202404070911,,18,2,4,キャットファイト,牝3,55.0,松山弘平,11,99.1,1:34.1,1/2,③③,桜花賞,2024-04-07,阪神
https://www.keibalab.jp/db/race/202404140611/,202404140611,,1,7,13,ジャスティンミラノ,牡3,57.0,戸崎圭太,2,4.8,1:57.1,レコード,⑤⑤④④,皐月賞,2024-04-14,中山
https://www.keibalab.jp/db/race/202404140611/,202404140611,,2,6,12,コスモキュランダ,牡3,57.0,モレイラ,7,15.8,1:57.1,クビ,⑨⑧⑨⑧,皐月賞,2024-04-14,中山
https://www.keibalab.jp/db/race/202404140611/,202404140611,,3,4,8,ジャンタルマンタル,牡3,57.0,川田将雅,3,6.1,1:57.2,1/2,③③③②,皐月賞,2024-04-14,中山
https://www.keibalab.jp/db/race/202404140611/,202404140611,,4,5,9,アーバンシック,牡3,57.0,横山武史,6,14.2,1:57.5,１1/2,⑬⑬⑬⑩,皐月賞,2024-04-14,中山
https://www.keibalab.jp/db/race/202404140611/,202404140611,,5,7,14,(外)シンエンペラー,牡3,57.0,坂井瑠星,5,8.4,1:57.5,クビ,⑧⑧⑦⑥,皐月賞,2024-04-14,中山
https://www.keibalab.jp/db/race/202404140611/,202404140611,,6,5,10,レガレイラ,牝3,55.0,北村宏司,1,3.7,1:57.6,クビ,⑭⑮⑭⑬,皐月賞,2024-04-14,中山
https://www.keibalab.jp/db/race/202404140611/,202404140611,,7,2,3,エコロヴァルツ,牡3,57.0,武豊,11,40.5,1:57.8,１1/2,⑯⑯⑰⑯,皐月賞,2024-04-14,中山
https://www.keibalab.jp/db/race/202404140611/,202404140611,,8,4,7,ルカランフィースト,牡3,57.0,松山弘平,14,272.7,1:57.9,3/4,⑪⑪⑪⑩,皐月賞,2024-04-14,中山
https://www.keibalab.jp/db/race/202404140611/,202404140611,,9,1,1,サンライズジパング,牡3,57.0,菅原明良,10,27.5,1:58.0,クビ,⑦⑦⑦⑧,皐月賞,2024-04-14,中山
https://www.keibalab.jp/db/race/202404140611/,202404140611,,10,3,5,ミスタージーティー,牡3,57.0,藤岡佑介,9,17.4,1:58.1,1/2,⑤⑤④⑥,皐月賞,2024-04-14,中山
https://www.keibalab.jp/db/race/202404140611/,202404140611,,11,6,11,ホウオウプロサンゲ,牡3,57.0,菱田裕二,16,274.9,1:58.2,１,⑩⑩⑩⑩,皐月賞,2024-04-14,中山
https://www.keibalab.jp/db/race/202404140611/,202404140611,,12,7,15,サンライズアース,牡3,57.0,Mデムー,12,54.2,1:58.5,１1/2,⑪⑪⑪⑬,皐月賞,2024-04-14,中山
https://www.keibalab.jp/db/race/202404140611/,202404140611,,13,8,17,ビザンチンドリーム,牡3,57.0,ムルザバ,8,16.4,1:58.5,クビ,⑯⑯⑯⑮,皐月賞,2024-04-14,中山
https://www.keibalab.jp/db/race/202404140611/,202404140611,,14,2,4,シリウスコルト,牡3,57.0,三浦皇成,13,176.4,1:58.6,1/2,②②②②,皐月賞,2024-04-14,中山
https://www.keibalab.jp/db/race/202404140611/,202404140611,,15,3,6,アレグロブリランテ,牡3,57.0,横山和生,15,274.0,1:58.7,1/2,③③④④,皐月賞,2024-04-14,中山
https://www.keibalab.jp/db/race/202404140611/,202404140611,,16,8,18,ウォーターリヒト,牡3,57.0,幸英明,17,275.2,1:59.2,２1/2,⑭⑬⑭⑯,皐月賞,2024-04-14,中山
https://www.keibalab.jp/db/race/202404140611/,202404140611,,17,1,2,メイショウタバル,牡3,57.0,浜中俊,4,7.0,1:59.3,１,①①①①,皐月賞,2024-04-14,中山
https://www.keibalab.jp/db/race/202404140611/,202404140611,,除外,8,16,ダノンデサイル,牡3,57.0,横山典弘,,---,,,⑱⑱⑱⑱,皐月賞,2024-04-14,中山
https://www.keibalab.jp/db/race/202404280811/,202404280811,,1,7,14,テーオーロイヤル,牡6,58.0,菱田裕二,2,2.8,3:14.2,,④④⑤②,天皇賞(春),2024-04-28,京都
https://www.keibalab.jp/db/race/202404280811/,202404280811,,2,3,5,ブローザホーン,牡5,58.0,菅原明良,5,8.8,3:14.5,２,⑫⑬⑫⑫,天皇賞(春),2024-04-28,京都
https://www.keibalab.jp/db/race/202404280811/,202404280811,,3,3,6,ディープボンド,牡7,58.0,幸英明,6,27.5,3:14.6,1/2,②②②①,天皇賞(春),2024-04-28,京都
https://www.keibalab.jp/db/race/202404280811/,202404280811,,4,8,17,スマートファントム,牡4,58.0,岩田望来,14,185.3,3:14.7,1/2,⑭⑭⑭⑭,天皇賞(春),2024-04-28,京都
https://www.keibalab.jp/db/race/202404280811/,202404280811,,5,2,4,ワープスピード,牡5,58.0,三浦皇成,8,39.8,3:14.9,１1/4,⑫⑪⑫⑩,天皇賞(春),2024-04-28,京都
https://www.keibalab.jp/db/race/202404280811/,202404280811,,6,5,10,サヴォーナ,牡4,58.0,池添謙一,10,45.7,3:14.9,クビ,④④③④,天皇賞(春),2024-04-28,京都
https://www.keibalab.jp/db/race/202404280811/,202404280811,,7,4,7,タスティエーラ,牡4,58.0,モレイラ,4,7.9,3:15.0,クビ,⑨⑨⑧⑦,天皇賞(春),2024-04-28,京都
https://www.keibalab.jp/db/race/202404280811/,202404280811,,8,7,15,メイショウブレゲ,牡5,58.0,酒井学,16,238.0,3:15.3,２,⑯⑯⑯⑮,天皇賞(春),2024-04-28,京都
https://www.keibalab.jp/db/race/202404280811/,202404280811,,9,4,8,ゴールドプリンセス,牝4,56.0,田口貫太,13,178.9,3:15.4,3/4,⑩⑪⑩⑫,天皇賞(春),2024-04-28,京都
https://www.keibalab.jp/db/race/202404280811/,202404280811,,10,2,3,プリュムドール,牝6,56.0,和田竜二,12,141.6,3:15.8,２,⑥⑥⑤⑤,天皇賞(春),2024-04-28,京都
https://www.keibalab.jp/db/race/202404280811/,202404280811,,11,7,13,スカーフェイス,牡8,58.0,松若風馬,17,410.1,3:16.4,３1/2,⑭⑮⑭⑮,天皇賞(春),2024-04-28,京都
https://www.keibalab.jp/db/race/202404280811/,202404280811,,12,1,1,サリエラ,牝5,56.0,武豊,3,7.5,3:17.7,８,⑥⑥⑤⑦,天皇賞(春),2024-04-28,京都
https://www.keibalab.jp/db/race/202404280811/,202404280811,,13,6,11,マテンロウレオ,牡5,58.0,横山典弘,11,48.7,3:17.8,1/2,①①①②,天皇賞(春),2024-04-28,京都
https://www.keibalab.jp/db/race/202404280811/,202404280811,,14,8,16,チャックネイト,セ6,58.0,鮫島克駿,9,39.8,3:19.0,７,⑧⑧⑧⑩,天皇賞(春),2024-04-28,京都
https://www.keibalab.jp/db/race/202404280811/,202404280811,,15,6,12,ドゥレッツァ,牡4,58.0,戸崎圭太,1,2.8,3:19.8,５,③③③⑤,天皇賞(春),2024-04-28,京都
https://www.keibalab.jp/db/race/202404280811/,202404280811,,16,5,9,シルヴァーソニック,牡8,58.0,Mデムー,7,34.6,3:20.0,3/4,⑩⑩⑩⑨,天皇賞(春),2024-04-28,京都
https://www.keibalab.jp/db/race/202404280811/,202404280811,,取消,1,2,ヒンドゥタイムズ,セ8,58.0,団野大成,,---,,,⑱⑱⑱⑱,天皇賞(春),2024-04-28,京都
https://www.keibalab.jp/db/race/202404280811/,202404280811,,中止,8,18,ハピ,牡5,58.0,浜中俊,15,199.1,,,⑰⑰⑰⑰,天皇賞(春),2024-04-28,京都
https://www.keibalab.jp/db/race/202405050511/,202405050511,,1,8,16,ジャンタルマンタル,牡3,57.0,川田将雅,2,2.9,1:32.4,,③③,NHKマイルC,2024-05-05,東京
https://www.keibalab.jp/db/race/202405050511/,202405050511,,2,7,14,アスコリピチェーノ,牝3,55.0,ルメール,1,2.9,1:32.8,２1/2,⑤③,NHKマイルC,2024-05-05,東京
https://www.keibalab.jp/db/race/202405050511/,202405050511,,3,3,6,ロジリオン,牡3,57.0,戸崎圭太,10,28.5,1:32.9,クビ,⑧⑥,NHKマイルC,2024-05-05,東京
https://www.keibalab.jp/db/race/202405050511/,202405050511,,4,6,12,ゴンバデカーブース,牡3,57.0,モレイラ,4,9.7,1:32.9,クビ,⑨⑨,NHKマイルC,2024-05-05,東京
https://www.keibalab.jp/db/race/202405050511/,202405050511,,5,2,4,イフェイオン,牝3,55.0,西村淳也,13,148.0,1:33.2,１3/4,⑥⑥,NHKマイルC,2024-05-05,東京
https://www.keibalab.jp/db/race/202405050511/,202405050511,,6,4,7,チャンネルトンネル,牡3,57.0,岩田望来,12,84.8,1:33.3,クビ,⑪⑩,NHKマイルC,2024-05-05,東京
https://www.keibalab.jp/db/race/202405050511/,202405050511,,7,2,3,ディスペランツァ,牡3,57.0,鮫島克駿,6,15.2,1:33.3,ハナ,⑫⑩,NHKマイルC,2024-05-05,東京
https://www.keibalab.jp/db/race/202405050511/,202405050511,,8,5,10,ウォーターリヒト,牡3,57.0,菅原明良,14,203.3,1:33.4,1/2,⑫⑩,NHKマイルC,2024-05-05,東京
https://www.keibalab.jp/db/race/202405050511/,202405050511,,9,8,18,アルセナール,牝3,55.0,横山武史,5,15.0,1:33.4,ハナ,⑰⑰,NHKマイルC,2024-05-05,東京
https://www.keibalab.jp/db/race/202405050511/,202405050511,,10,4,8,エンヤラヴフェイス,牡3,57.0,菱田裕二,18,498.9,1:33.4,クビ,⑥⑥,NHKマイルC,2024-05-05,東京
https://www.keibalab.jp/db/race/202405050511/,202405050511,,11,8,17,ユキノロイヤル,牡3,57.0,石橋脩,17,258.4,1:33.5,クビ,⑮⑭,NHKマイルC,2024-05-05,東京
https://www.keibalab.jp/db/race/202405050511/,202405050511,,12,1,2,(外)ノーブルロジャー,牡3,57.0,松山弘平,7,15.8,1:33.5,クビ,⑨⑩,NHKマイルC,2024-05-05,東京
https://www.keibalab.jp/db/race/202405050511/,202405050511,,13,1,1,ダノンマッキンリー,牡3,57.0,北村友一,8,24.2,1:33.6,クビ,⑫⑭,NHKマイルC,2024-05-05,東京
https://www.keibalab.jp/db/race/202405050511/,202405050511,,14,6,11,アレンジャー,牡3,57.0,横山和生,15,226.0,1:33.6,クビ,⑮⑭,NHKマイルC,2024-05-05,東京
https://www.keibalab.jp/db/race/202405050511/,202405050511,,15,7,15,マスクオールウィン,牝3,55.0,岩田康誠,16,256.7,1:34.0,２1/2,②②,NHKマイルC,2024-05-05,東京
https://www.keibalab.jp/db/race/202405050511/,202405050511,,16,7,13,シュトラウス,牡3,57.0,北村宏司,9,27.2,1:34.0,ハナ,⑱⑱,NHKマイルC,2024-05-05,東京
https://www.keibalab.jp/db/race/202405050511/,202405050511,,17,3,5,ボンドガール,牝3,55.0,武豊,3,9.2,1:34.9,５,③③,NHKマイルC,2024-05-05,東京
https://www.keibalab.jp/db/race/202405050511/,202405050511,,18,5,9,キャプテンシー,牡3,57.0,Mデムー,11,54.3,1:35.7,５,①①,NHKマイルC,2024-05-05,東京
https://www.keibalab.jp/db/race/202405120511/,202405120511,,1,5,9,テンハッピーローズ,牝6,56.0,津村明秀,14,208.6,1:31.8,,⑩⑧,ヴィクトリアM,2024-05-12,東京
https://www.keibalab.jp/db/race/202405120511/,202405120511,,2,2,2,フィアスプライド,牝6,56.0,ルメール,4,12.5,1:32.0,１1/4,③③,ヴィクトリアM,2024-05-12,東京
https://www.keibalab.jp/db/race/202405120511/,202405120511,,3,4,6,マスクトディーヴァ,牝4,56.0,モレイラ,1,2.3,1:32.0,クビ,⑦⑧,ヴィクトリアM,2024-05-12,東京
https://www.keibalab.jp/db/race/202405120511/,202405120511,,4,8,15,ドゥアイズ,牝4,56.0,鮫島克駿,11,65.8,1:32.1,クビ,⑦⑥,ヴィクトリアM,2024-05-12,東京
https://www.keibalab.jp/db/race/202405120511/,202405120511,,5,6,11,ルージュリナージュ,牝5,56.0,横山和生,13,112.1,1:32.2,1/2,⑮⑮,ヴィクトリアM,2024-05-12,東京
https://www.keibalab.jp/db/race/202405120511/,202405120511,,6,3,5,ウンブライル,牝4,56.0,川田将雅,3,9.4,1:32.2,アタマ,⑤⑥,ヴィクトリアM,2024-05-12,東京
https://www.keibalab.jp/db/race/202405120511/,202405120511,,7,7,13,モリアーナ,牝4,56.0,横山典弘,6,19.3,1:32.3,1/2,⑬⑬,ヴィクトリアM,2024-05-12,東京
https://www.keibalab.jp/db/race/202405120511/,202405120511,,8,6,10,ナミュール,牝5,56.0,武豊,2,2.5,1:32.3,クビ,⑬⑬,ヴィクトリアM,2024-05-12,東京
https://www.keibalab.jp/db/race/202405120511/,202405120511,,9,2,3,スタニングローズ,牝5,56.0,西村淳也,5,17.8,1:32.6,１1/2,③③,ヴィクトリアM,2024-05-12,東京
https://www.keibalab.jp/db/race/202405120511/,202405120511,,10,5,8,サウンドビバーチェ,牝5,56.0,松山弘平,12,82.7,1:32.7,3/4,⑤⑤,ヴィクトリアM,2024-05-12,東京
https://www.keibalab.jp/db/race/202405120511/,202405120511,,11,7,12,キタウイング,牝4,56.0,杉原誠人,15,337.9,1:32.9,１1/4,⑫⑪,ヴィクトリアM,2024-05-12,東京
https://www.keibalab.jp/db/race/202405120511/,202405120511,,12,8,14,フィールシンパシー,牝5,56.0,横山琉人,10,56.9,1:33.0,1/2,②②,ヴィクトリアM,2024-05-12,東京
https://www.keibalab.jp/db/race/202405120511/,202405120511,,13,3,4,コンクシェル,牝4,56.0,岩田望来,7,29.8,1:33.5,３,①①,ヴィクトリアM,2024-05-12,東京
https://www.keibalab.jp/db/race/202405120511/,202405120511,,14,1,1,ライラック,牝5,56.0,戸崎圭太,9,56.7,1:33.7,１1/2,⑨⑧,ヴィクトリアM,2024-05-12,東京
https://www.keibalab.jp/db/race/202405120511/,202405120511,,15,4,7,ハーパー,牝4,56.0,池添謙一,8,36.2,1:33.9,１1/2,⑩⑪,ヴィクトリアM,2024-05-12,東京
https://www.keibalab.jp/db/race/202405190511/,202405190511,,1,6,12,チェルヴィニア,牝3,55.0,ルメール,2,4.6,2:24.0,,⑫⑨⑨⑩,オークス,2024-05-19,東京
https://www.keibalab.jp/db/race/202405190511/,202405190511,,2,4,7,ステレンボッシュ,牝3,55.0,戸崎圭太,1,2.3,2:24.1,1/2,⑨⑨⑨⑫,オークス,2024-05-19,東京
https://www.keibalab.jp/db/race/202405190511/,202405190511,,3,7,14,ライトバック,牝3,55.0,坂井瑠星,3,7.9,2:24.4,１3/4,⑮⑭⑬⑮,オークス,2024-05-19,東京
https://www.keibalab.jp/db/race/202405190511/,202405190511,,4,1,2,クイーンズウォーク,牝3,55.0,川田将雅,5,11.5,2:24.4,クビ,⑤⑤⑤④,オークス,2024-05-19,東京
https://www.keibalab.jp/db/race/202405190511/,202405190511,,5,8,18,ランスオブクイーン,牝3,55.0,横山和生,14,107.9,2:24.4,ハナ,③③③②,オークス,2024-05-19,東京
https://www.keibalab.jp/db/race/202405190511/,202405190511,,6,7,13,スウィープフィート,牝3,55.0,武豊,4,10.3,2:24.6,１1/2,⑱⑱⑯⑫,オークス,2024-05-19,東京
https://www.keibalab.jp/db/race/202405190511/,202405190511,,7,3,6,サンセットビュー,牝3,55.0,三浦皇成,15,157.2,2:24.8,3/4,⑯⑯⑯⑯,オークス,2024-05-19,東京
https://www.keibalab.jp/db/race/202405190511/,202405190511,,8,2,3,エセルフリーダ,牝3,55.0,武藤雅,11,78.0,2:24.9,１1/4,⑬⑭⑯⑯,オークス,2024-05-19,東京
https://www.keibalab.jp/db/race/202405190511/,202405190511,,9,5,10,アドマイヤベル,牝3,55.0,横山武史,8,21.1,2:25.0,クビ,⑦⑦⑥⑥,オークス,2024-05-19,東京
https://www.keibalab.jp/db/race/202405190511/,202405190511,,10,4,8,ホーエリート,牝3,55.0,原優介,13,100.4,2:25.0,クビ,⑰⑯⑫⑥,オークス,2024-05-19,東京
https://www.keibalab.jp/db/race/202405190511/,202405190511,,11,5,9,ラヴァンダ,牝3,55.0,岩田望来,12,86.2,2:25.1,クビ,⑥⑥⑥⑥,オークス,2024-05-19,東京
https://www.keibalab.jp/db/race/202405190511/,202405190511,,12,3,5,コガネノソラ,牝3,55.0,石川裕紀,7,19.0,2:25.2,3/4,⑬⑬⑬⑫,オークス,2024-05-19,東京
https://www.keibalab.jp/db/race/202405190511/,202405190511,,13,7,15,サフィラ,牝3,55.0,松山弘平,10,56.6,2:25.3,3/4,⑨⑨⑥⑥,オークス,2024-05-19,東京
https://www.keibalab.jp/db/race/202405190511/,202405190511,,14,1,1,ミアネーロ,牝3,55.0,津村明秀,9,25.2,2:25.3,ハナ,⑦⑦⑨⑩,オークス,2024-05-19,東京
https://www.keibalab.jp/db/race/202405190511/,202405190511,,15,2,4,パレハ,牝3,55.0,田辺裕信,17,215.8,2:25.3,アタマ,⑨⑫⑬⑯,オークス,2024-05-19,東京
https://www.keibalab.jp/db/race/202405190511/,202405190511,,16,8,17,タガノエルピーダ,牝3,55.0,Mデムー,6,12.9,2:25.8,３,③③④④,オークス,2024-05-19,東京
https://www.keibalab.jp/db/race/202405190511/,202405190511,,17,8,16,ショウナンマヌエラ,牝3,55.0,岩田康誠,18,216.3,2:30.7,大差,①②②②,オークス,2024-05-19,東京
https://www.keibalab.jp/db/race/202405190511/,202405190511,,18,6,11,ヴィントシュティレ,牝3,55.0,北村宏司,16,185.9,2:33.8,大差,②①①①,オークス,2024-05-19,東京
https://www.keibalab.jp/db/race/202405260511/,202405260511,,1,3,5,ダノンデサイル,牡3,57.0,横山典弘,9,46.6,2:24.3,,④③⑥④,日本ダービー,2024-05-26,東京
https://www.keibalab.jp/db/race/202405260511/,202405260511,,2,7,15,ジャスティンミラノ,牡3,57.0,戸崎圭太,1,2.2,2:24.7,２,②③②④,日本ダービー,2024-05-26,東京
https://www.keibalab.jp/db/race/202405260511/,202405260511,,3,7,13,(外)シンエンペラー,牡3,57.0,坂井瑠星,7,17.8,2:24.9,１1/4,⑧⑦⑨⑨,日本ダービー,2024-05-26,東京
https://www.keibalab.jp/db/race/202405260511/,202405260511,,4,1,1,サンライズアース,牡3,57.0,池添謙一,15,125.9,2:25.0,１1/4,⑰⑰②②,日本ダービー,2024-05-26,東京
https://www.keibalab.jp/db/race/202405260511/,202405260511,,5,1,2,レガレイラ,牝3,55.0,ルメール,2,4.5,2:25.0,ハナ,⑩⑪⑭⑬,日本ダービー,2024-05-26,東京
https://www.keibalab.jp/db/race/202405260511/,202405260511,,6,3,6,コスモキュランダ,牡3,57.0,Mデムー,6,14.3,2:25.1,クビ,⑯⑬⑤④,日本ダービー,2024-05-26,東京
https://www.keibalab.jp/db/race/202405260511/,202405260511,,7,6,11,シュガークン,牡3,57.0,武豊,8,22.0,2:25.2,3/4,②②②①,日本ダービー,2024-05-26,東京
https://www.keibalab.jp/db/race/202405260511/,202405260511,,8,8,18,エコロヴァルツ,牡3,57.0,岩田康誠,17,160.0,2:25.2,クビ,①①①②,日本ダービー,2024-05-26,東京
https://www.keibalab.jp/db/race/202405260511/,202405260511,,9,6,12,シックスペンス,牡3,57.0,川田将雅,4,8.3,2:25.3,クビ,④⑤⑥⑦,日本ダービー,2024-05-26,東京
https://www.keibalab.jp/db/race/202405260511/,202405260511,,10,2,3,ジューンテイク,牡3,57.0,岩田望来,14,109.4,2:25.3,クビ,⑥⑦⑨⑦,日本ダービー,2024-05-26,東京
https://www.keibalab.jp/db/race/202405260511/,202405260511,,11,4,8,アーバンシック,牡3,57.0,横山武史,3,8.3,2:25.4,1/2,⑭⑬⑭⑮,日本ダービー,2024-05-26,東京
https://www.keibalab.jp/db/race/202405260511/,202405260511,,12,5,10,サンライズジパング,牡3,57.0,菅原明良,16,128.5,2:25.4,クビ,⑩⑩⑫⑬,日本ダービー,2024-05-26,東京
https://www.keibalab.jp/db/race/202405260511/,202405260511,,13,7,14,ゴンバデカーブース,牡3,57.0,松山弘平,11,67.9,2:25.5,1/2,⑥⑥⑧⑨,日本ダービー,2024-05-26,東京
https://www.keibalab.jp/db/race/202405260511/,202405260511,,14,5,9,ダノンエアズロック,牡3,57.0,モレイラ,5,12.7,2:25.6,クビ,⑧⑨⑫⑨,日本ダービー,2024-05-26,東京
https://www.keibalab.jp/db/race/202405260511/,202405260511,,15,8,17,ショウナンラプンタ,牡3,57.0,鮫島克駿,12,81.2,2:25.6,アタマ,⑫⑪⑨⑫,日本ダービー,2024-05-26,東京
https://www.keibalab.jp/db/race/202405260511/,202405260511,,16,4,7,ミスタージーティー,牡3,57.0,藤岡佑介,13,94.6,2:25.6,アタマ,⑭⑯⑯⑯,日本ダービー,2024-05-26,東京
https://www.keibalab.jp/db/race/202405260511/,202405260511,,17,2,4,ビザンチンドリーム,牡3,57.0,西村淳也,10,61.2,2:25.8,１1/2,⑫⑬⑯⑯,日本ダービー,2024-05-26,東京
https://www.keibalab.jp/db/race/202405260511/,202405260511,,取消,8,16,メイショウタバル,牡3,57.0,浜中俊,,---,,,⑱⑱⑱⑱,日本ダービー,2024-05-26,東京
https://www.keibalab.jp/db/race/202406020511/,202406020511,,1,4,7,[外]ロマンチックウォリアー,セ6,58.0,マクドナ,1,3.6,1:32.3,,⑥⑤,安田記念,2024-06-02,東京
https://www.keibalab.jp/db/race/202406020511/,202406020511,,2,3,5,ナミュール,牝5,56.0,武豊,4,10.0,1:32.4,1/2,⑬⑬,安田記念,2024-06-02,東京
https://www.keibalab.jp/db/race/202406020511/,202406020511,,3,5,10,ソウルラッシュ,牡6,58.0,モレイラ,2,4.0,1:32.4,ハナ,⑩⑪,安田記念,2024-06-02,東京
https://www.keibalab.jp/db/race/202406020511/,202406020511,,4,1,2,ガイアフォース,牡5,58.0,長岡禎仁,5,11.6,1:32.6,１,⑧⑦,安田記念,2024-06-02,東京
https://www.keibalab.jp/db/race/202406020511/,202406020511,,5,8,17,セリフォス,牡5,58.0,川田将雅,3,6.1,1:32.7,1/2,⑮⑮,安田記念,2024-06-02,東京
https://www.keibalab.jp/db/race/202406020511/,202406020511,,6,2,4,ジオグリフ,牡5,58.0,北村宏司,12,43.9,1:32.8,１1/4,④④,安田記念,2024-06-02,東京
https://www.keibalab.jp/db/race/202406020511/,202406020511,,7,6,12,フィアスプライド,牝6,56.0,坂井瑠星,13,54.8,1:32.8,ハナ,③③,安田記念,2024-06-02,東京
https://www.keibalab.jp/db/race/202406020511/,202406020511,,8,8,16,エルトンバローズ,牡4,58.0,西村淳也,14,63.1,1:32.9,1/2,⑫⑪,安田記念,2024-06-02,東京
https://www.keibalab.jp/db/race/202406020511/,202406020511,,9,7,13,ステラヴェローチェ,牡6,58.0,横山典弘,7,16.4,1:33.0,クビ,④⑤,安田記念,2024-06-02,東京
https://www.keibalab.jp/db/race/202406020511/,202406020511,,10,4,8,エアロロノア,セ7,58.0,幸英明,16,107.8,1:33.2,１1/4,⑮⑮,安田記念,2024-06-02,東京
https://www.keibalab.jp/db/race/202406020511/,202406020511,,11,2,3,レッドモンレーヴ,牡5,58.0,横山和生,10,36.2,1:33.2,ハナ,⑱⑰,安田記念,2024-06-02,東京
https://www.keibalab.jp/db/race/202406020511/,202406020511,,12,7,14,コレペティトール,牡4,58.0,岩田康誠,17,125.3,1:33.2,クビ,⑰⑰,安田記念,2024-06-02,東京
https://www.keibalab.jp/db/race/202406020511/,202406020511,,13,5,9,パラレルヴィジョン,牡5,58.0,ルメール,6,15.4,1:33.3,クビ,⑧⑨,安田記念,2024-06-02,東京
https://www.keibalab.jp/db/race/202406020511/,202406020511,,14,6,11,ウインカーネリアン,牡7,58.0,三浦皇成,9,18.9,1:33.3,ハナ,②②,安田記念,2024-06-02,東京
https://www.keibalab.jp/db/race/202406020511/,202406020511,,15,8,18,ダノンスコーピオン,牡5,58.0,戸崎圭太,11,36.9,1:33.6,１3/4,⑩⑨,安田記念,2024-06-02,東京
https://www.keibalab.jp/db/race/202406020511/,202406020511,,16,1,1,カテドラル,牡8,58.0,斎藤新,18,212.1,1:33.6,クビ,⑭⑭,安田記念,2024-06-02,東京
https://www.keibalab.jp/db/race/202406020511/,202406020511,,17,7,15,[外]ヴォイッジバブル,セ6,58.0,パートン,8,17.3,1:33.6,アタマ,⑥⑦,安田記念,2024-06-02,東京
https://www.keibalab.jp/db/race/202406020511/,202406020511,,18,3,6,ドーブネ,牡5,58.0,菱田裕二,15,71.1,1:33.8,１,①①,安田記念,2024-06-02,東京
https://www.keibalab.jp/db/race/202406230811/,202406230811,,1,8,12,ブローザホーン,牡5,58.0,菅原明良,3,7.5,2:12.0,,⑪⑪⑩⑦,宝塚記念,2024-06-23,京都
https://www.keibalab.jp/db/race/202406230811/,202406230811,,2,6,9,ソールオリエンス,牡4,58.0,横山武史,7,16.9,2:12.3,２,⑦⑦⑫⑪,宝塚記念,2024-06-23,京都
https://www.keibalab.jp/db/race/202406230811/,202406230811,,3,3,3,ベラジオオペラ,牡4,58.0,横山和生,5,11.6,2:12.4,クビ,③④③②,宝塚記念,2024-06-23,京都
https://www.keibalab.jp/db/race/202406230811/,202406230811,,4,5,7,プラダリア,牡5,58.0,池添謙一,6,15.1,2:12.4,クビ,③②②①,宝塚記念,2024-06-23,京都
https://www.keibalab.jp/db/race/202406230811/,202406230811,,5,7,10,ローシャムパーク,牡5,58.0,戸崎圭太,4,10.5,2:12.9,３,⑨⑨③④,宝塚記念,2024-06-23,京都
https://www.keibalab.jp/db/race/202406230811/,202406230811,,6,4,4,ドウデュース,牡5,58.0,武豊,1,2.3,2:12.9,クビ,⑪⑪⑬⑪,宝塚記念,2024-06-23,京都
https://www.keibalab.jp/db/race/202406230811/,202406230811,,7,4,5,ディープボンド,牡7,58.0,幸英明,9,25.4,2:12.9,クビ,⑤⑤⑧⑤,宝塚記念,2024-06-23,京都
https://www.keibalab.jp/db/race/202406230811/,202406230811,,8,8,13,ルージュエヴァイユ,牝5,56.0,川田将雅,10,33.8,2:12.9,ハナ,①①①②,宝塚記念,2024-06-23,京都
https://www.keibalab.jp/db/race/202406230811/,202406230811,,9,7,11,ヤマニンサンパ,牡6,58.0,団野大成,13,165.0,2:13.3,２,⑬⑬⑩⑦,宝塚記念,2024-06-23,京都
https://www.keibalab.jp/db/race/202406230811/,202406230811,,10,2,2,ジャスティンパレス,牡5,58.0,ルメール,2,3.7,2:13.6,１3/4,⑦⑦⑤⑤,宝塚記念,2024-06-23,京都
https://www.keibalab.jp/db/race/202406230811/,202406230811,,11,1,1,シュトルーヴェ,セ5,58.0,レーン,8,25.4,2:14.5,５,⑨⑨⑤⑦,宝塚記念,2024-06-23,京都
https://www.keibalab.jp/db/race/202406230811/,202406230811,,12,5,6,ヒートオンビート,牡7,58.0,坂井瑠星,12,162.3,2:15.5,６,⑥⑤⑨⑬,宝塚記念,2024-06-23,京都
https://www.keibalab.jp/db/race/202406230811/,202406230811,,13,6,8,カラテ,牡8,58.0,岩田望来,11,133.1,2:15.8,１1/2,②③⑤⑦,宝塚記念,2024-06-23,京都
https://www.keibalab.jp/db/race/202409290611/,202409290611,,1,7,13,ルガル,牡4,58.0,西村淳也,9,28.5,1:07.0,,③③,スプリンターズS,2024-09-29,中山
https://www.keibalab.jp/db/race/202409290611/,202409290611,,2,1,2,トウシンマカオ,牡5,58.0,菅原明良,5,9.6,1:07.0,クビ,⑦⑥,スプリンターズS,2024-09-29,中山
https://www.keibalab.jp/db/race/202409290611/,202409290611,,3,3,5,ナムラクレア,牝5,56.0,横山武史,4,8.2,1:07.1,クビ,⑫⑫,スプリンターズS,2024-09-29,中山
https://www.keibalab.jp/db/race/202409290611/,202409290611,,4,3,6,ママコチャ,牝5,56.0,川田将雅,2,5.2,1:07.1,クビ,⑤⑤,スプリンターズS,2024-09-29,中山
https://www.keibalab.jp/db/race/202409290611/,202409290611,,5,2,3,ウインマーベル,牡5,58.0,松山弘平,7,13.5,1:07.2,1/2,⑧⑥,スプリンターズS,2024-09-29,中山
https://www.keibalab.jp/db/race/202409290611/,202409290611,,6,7,14,[外]ビクターザウィナー,セ6,58.0,モレイラ,6,12.5,1:07.4,3/4,④④,スプリンターズS,2024-09-29,中山
https://www.keibalab.jp/db/race/202409290611/,202409290611,,7,6,12,サトノレーヴ,牡5,58.0,レーン,1,3.0,1:07.4,クビ,⑧⑥,スプリンターズS,2024-09-29,中山
https://www.keibalab.jp/db/race/202409290611/,202409290611,,8,5,10,ピューロマジック,牝3,54.0,横山典弘,10,34.5,1:07.5,アタマ,①①,スプリンターズS,2024-09-29,中山
https://www.keibalab.jp/db/race/202409290611/,202409290611,,9,2,4,エイシンスポッター,牡5,58.0,シュタル,15,126.1,1:07.5,アタマ,⑪⑩,スプリンターズS,2024-09-29,中山
https://www.keibalab.jp/db/race/202409290611/,202409290611,,10,4,8,モズメイメイ,牝4,56.0,国分恭介,11,55.9,1:07.6,3/4,⑭⑭,スプリンターズS,2024-09-29,中山
https://www.keibalab.jp/db/race/202409290611/,202409290611,,11,1,1,オオバンブルマイ,牡4,58.0,武豊,8,17.1,1:07.6,クビ,⑮⑯,スプリンターズS,2024-09-29,中山
https://www.keibalab.jp/db/race/202409290611/,202409290611,,12,4,7,(外)マッドクール,牡5,58.0,坂井瑠星,3,6.4,1:07.7,クビ,⑥⑥,スプリンターズS,2024-09-29,中山
https://www.keibalab.jp/db/race/202409290611/,202409290611,,13,5,9,[外]ムゲン,セ6,58.0,ティータ,13,59.1,1:07.7,アタマ,⑬⑫,スプリンターズS,2024-09-29,中山
https://www.keibalab.jp/db/race/202409290611/,202409290611,,14,8,16,ウイングレイテスト,牡7,58.0,松岡正海,14,91.7,1:07.8,1/2,②②,スプリンターズS,2024-09-29,中山
https://www.keibalab.jp/db/race/202409290611/,202409290611,,15,6,11,ダノンスコーピオン,牡5,58.0,戸崎圭太,16,158.7,1:07.8,アタマ,⑮⑭,スプリンターズS,2024-09-29,中山
https://www.keibalab.jp/db/race/202409290611/,202409290611,,16,8,15,ヴェントヴォーチェ,牡7,58.0,ルメール,12,56.5,1:08.4,３1/2,⑧⑩,スプリンターズS,2024-09-29,中山
https://www.keibalab.jp/db/race/202410130811/,202410130811,,1,3,5,チェルヴィニア,牝3,55.0,ルメール,1,2.3,1:57.1,,⑧⑧⑧⑦,秋華賞,2024-10-13,京都
https://www.keibalab.jp/db/race/202410130811/,202410130811,,2,6,10,ボンドガール,牝3,55.0,武豊,5,14.6,1:57.4,１3/4,⑫⑫⑬⑬,秋華賞,2024-10-13,京都
https://www.keibalab.jp/db/race/202410130811/,202410130811,,3,8,14,ステレンボッシュ,牝3,55.0,戸崎圭太,2,3.9,1:57.5,1/2,⑩⑩⑪⑩,秋華賞,2024-10-13,京都
https://www.keibalab.jp/db/race/202410130811/,202410130811,,4,7,12,ラヴァンダ,牝3,55.0,岩田望来,13,123.2,1:57.6,3/4,③④④④,秋華賞,2024-10-13,京都
https://www.keibalab.jp/db/race/202410130811/,202410130811,,5,7,13,クリスマスパレード,牝3,55.0,石川裕紀,8,19.7,1:57.6,ハナ,②②②②,秋華賞,2024-10-13,京都
https://www.keibalab.jp/db/race/202410130811/,202410130811,,6,2,2,ミアネーロ,牝3,55.0,津村明秀,4,13.5,1:57.7,クビ,⑩⑩⑪⑩,秋華賞,2024-10-13,京都
https://www.keibalab.jp/db/race/202410130811/,202410130811,,7,3,4,タガノエルピーダ,牝3,55.0,団野大成,7,18.1,1:57.7,クビ,③③③③,秋華賞,2024-10-13,京都
https://www.keibalab.jp/db/race/202410130811/,202410130811,,8,4,7,チルカーノ,牝3,55.0,鮫島克駿,12,55.5,1:57.9,１1/2,⑬⑫⑬⑭,秋華賞,2024-10-13,京都
https://www.keibalab.jp/db/race/202410130811/,202410130811,,9,5,8,コガネノソラ,牝3,55.0,坂井瑠星,9,27.4,1:58.0,クビ,⑤⑤④④,秋華賞,2024-10-13,京都
https://www.keibalab.jp/db/race/202410130811/,202410130811,,10,1,1,ホーエリート,牝3,55.0,北村友一,14,125.7,1:58.0,ハナ,⑧⑨⑨⑩,秋華賞,2024-10-13,京都
https://www.keibalab.jp/db/race/202410130811/,202410130811,,11,4,6,ラビットアイ,牝3,55.0,横山典弘,15,145.2,1:58.3,２,⑮⑮⑮⑮,秋華賞,2024-10-13,京都
https://www.keibalab.jp/db/race/202410130811/,202410130811,,12,5,9,アドマイヤベル,牝3,55.0,横山武史,11,51.5,1:58.5,１1/4,⑥⑥④⑥,秋華賞,2024-10-13,京都
https://www.keibalab.jp/db/race/202410130811/,202410130811,,13,8,15,セキトバイースト,牝3,55.0,藤岡佑介,10,33.0,1:58.5,ハナ,①①①①,秋華賞,2024-10-13,京都
https://www.keibalab.jp/db/race/202410130811/,202410130811,,14,6,11,ランスオブクイーン,牝3,55.0,松山弘平,6,16.7,1:58.6,1/2,⑥⑥⑦⑦,秋華賞,2024-10-13,京都
https://www.keibalab.jp/db/race/202410130811/,202410130811,,15,2,3,クイーンズウォーク,牝3,55.0,川田将雅,3,6.8,1:59.6,６,⑭⑭⑨⑦,秋華賞,2024-10-13,京都
https://www.keibalab.jp/db/race/202410200811/,202410200811,,1,7,13,アーバンシック,牡3,57.0,ルメール,2,3.7,3:04.1,,⑧⑧⑤③,菊花賞,2024-10-20,京都
https://www.keibalab.jp/db/race/202410200811/,202410200811,,2,8,16,ヘデントール,牡3,57.0,戸崎圭太,4,7.1,3:04.5,２1/2,⑰⑯⑧⑤,菊花賞,2024-10-20,京都
https://www.keibalab.jp/db/race/202410200811/,202410200811,,3,8,17,アドマイヤテラ,牡3,57.0,武豊,7,23.6,3:04.5,ハナ,⑮⑫②①,菊花賞,2024-10-20,京都
https://www.keibalab.jp/db/race/202410200811/,202410200811,,4,6,11,ショウナンラプンタ,牡3,57.0,鮫島克駿,6,23.6,3:04.5,クビ,⑩⑩⑩④,菊花賞,2024-10-20,京都
https://www.keibalab.jp/db/race/202410200811/,202410200811,,5,4,7,ビザンチンドリーム,牡3,57.0,シュタル,9,41.5,3:04.6,クビ,⑫⑮⑭⑩,菊花賞,2024-10-20,京都
https://www.keibalab.jp/db/race/202410200811/,202410200811,,6,2,4,ダノンデサイル,牡3,57.0,横山典弘,1,2.9,3:04.8,１1/2,⑧⑨⑭⑮,菊花賞,2024-10-20,京都
https://www.keibalab.jp/db/race/202410200811/,202410200811,,7,6,12,シュバルツクーゲル,牡3,57.0,松山弘平,14,99.1,3:06.0,７,④④①②,菊花賞,2024-10-20,京都
https://www.keibalab.jp/db/race/202410200811/,202410200811,,8,3,5,ハヤテノフクノスケ,牡3,57.0,岩田望来,15,120.2,3:06.3,１1/2,⑫⑫⑭⑭,菊花賞,2024-10-20,京都
https://www.keibalab.jp/db/race/202410200811/,202410200811,,9,7,15,エコロヴァルツ,牡3,57.0,岩田康誠,12,68.3,3:06.3,ハナ,⑥⑥⑪⑬,菊花賞,2024-10-20,京都
https://www.keibalab.jp/db/race/202410200811/,202410200811,,10,8,18,アレグロブリランテ,牡3,57.0,横山和生,18,291.1,3:07.1,５,⑫⑫⑰⑯,菊花賞,2024-10-20,京都
https://www.keibalab.jp/db/race/202410200811/,202410200811,,11,4,8,ウエストナウ,牡3,57.0,西村淳也,11,55.2,3:07.2,3/4,⑦⑥⑧⑧,菊花賞,2024-10-20,京都
https://www.keibalab.jp/db/race/202410200811/,202410200811,,12,3,6,ミスタージーティー,牡3,57.0,坂井瑠星,13,79.5,3:07.3,1/2,④④⑤⑩,菊花賞,2024-10-20,京都
https://www.keibalab.jp/db/race/202410200811/,202410200811,,13,7,14,メリオーレム,牡3,57.0,藤岡佑介,10,51.5,3:08.0,４,⑩⑩⑪⑧,菊花賞,2024-10-20,京都
https://www.keibalab.jp/db/race/202410200811/,202410200811,,14,5,9,コスモキュランダ,牡3,57.0,Mデムー,3,6.0,3:08.4,２1/2,⑯⑯⑪⑥,菊花賞,2024-10-20,京都
https://www.keibalab.jp/db/race/202410200811/,202410200811,,15,1,1,ピースワンデュック,牡3,57.0,柴田善臣,8,26.2,3:09.1,４,①①②⑥,菊花賞,2024-10-20,京都
https://www.keibalab.jp/db/race/202410200811/,202410200811,,16,5,10,メイショウタバル,牡3,57.0,浜中俊,5,9.6,3:09.3,１1/4,②②②⑩,菊花賞,2024-10-20,京都
https://www.keibalab.jp/db/race/202410200811/,202410200811,,17,2,3,アスクカムオンモア,牡3,57.0,北村友一,16,184.1,3:09.8,３,⑱⑱⑱⑯,菊花賞,2024-10-20,京都
https://www.keibalab.jp/db/race/202410200811/,202410200811,,18,1,2,ノーブルスカイ,牡3,57.0,池添謙一,17,253.6,3:19.7,大差,③②⑤⑯,菊花賞,2024-10-20,京都
https://www.keibalab.jp/db/race/202410270511/,202410270511,,1,4,7,ドウデュース,牡5,58.0,武豊,2,3.8,1:57.3,,⑭⑭⑬,天皇賞(秋),2024-10-27,東京
https://www.keibalab.jp/db/race/202410270511/,202410270511,,2,3,4,タスティエーラ,牡4,58.0,松山弘平,9,53.8,1:57.5,１1/4,③③⑤,天皇賞(秋),2024-10-27,東京
https://www.keibalab.jp/db/race/202410270511/,202410270511,,3,5,9,ホウオウビスケッツ,牡4,58.0,岩田望来,8,48.1,1:57.6,1/2,①①①,天皇賞(秋),2024-10-27,東京
https://www.keibalab.jp/db/race/202410270511/,202410270511,,4,6,11,ジャスティンパレス,牡5,58.0,坂井瑠星,6,15.0,1:57.6,クビ,⑫⑪⑪,天皇賞(秋),2024-10-27,東京
https://www.keibalab.jp/db/race/202410270511/,202410270511,,5,2,2,マテンロウスカイ,セ5,58.0,横山典弘,12,121.4,1:57.6,クビ,⑤⑥⑤,天皇賞(秋),2024-10-27,東京
https://www.keibalab.jp/db/race/202410270511/,202410270511,,6,1,1,ベラジオオペラ,牡4,58.0,横山和生,4,13.3,1:57.7,1/2,③③③,天皇賞(秋),2024-10-27,東京
https://www.keibalab.jp/db/race/202410270511/,202410270511,,7,4,6,ソールオリエンス,牡4,58.0,横山武史,7,15.4,1:57.7,ハナ,⑧⑧⑧,天皇賞(秋),2024-10-27,東京
https://www.keibalab.jp/db/race/202410270511/,202410270511,,8,8,14,レーベンスティール,牡4,58.0,ルメール,3,4.7,1:57.8,1/2,⑧⑪⑪,天皇賞(秋),2024-10-27,東京
https://www.keibalab.jp/db/race/202410270511/,202410270511,,9,2,3,ステラヴェローチェ,牡6,58.0,佐々木大,13,150.3,1:58.0,１1/4,⑧⑧⑧,天皇賞(秋),2024-10-27,東京
https://www.keibalab.jp/db/race/202410270511/,202410270511,,10,8,15,ニシノレヴナント,セ4,58.0,田辺裕信,15,415.8,1:58.0,アタマ,⑮⑮⑮,天皇賞(秋),2024-10-27,東京
https://www.keibalab.jp/db/race/202410270511/,202410270511,,11,3,5,ノースブリッジ,牡6,58.0,岩田康誠,10,68.7,1:58.0,クビ,⑫⑬⑬,天皇賞(秋),2024-10-27,東京
https://www.keibalab.jp/db/race/202410270511/,202410270511,,12,5,8,キングズパレス,牡5,58.0,シュタル,11,97.0,1:58.0,ハナ,⑧⑧⑧,天皇賞(秋),2024-10-27,東京
https://www.keibalab.jp/db/race/202410270511/,202410270511,,13,7,12,リバティアイランド,牝4,56.0,川田将雅,1,2.3,1:58.1,1/2,⑦③③,天皇賞(秋),2024-10-27,東京
https://www.keibalab.jp/db/race/202410270511/,202410270511,,14,6,10,ダノンベルーガ,牡5,58.0,Cデムー,5,14.3,1:58.3,１1/4,⑤⑥⑤,天皇賞(秋),2024-10-27,東京
https://www.keibalab.jp/db/race/202410270511/,202410270511,,15,7,13,シルトホルン,牡4,58.0,大野拓弥,14,412.0,1:58.4,1/2,②②②,天皇賞(秋),2024-10-27,東京
https://www.keibalab.jp/db/race/202411100811/,202411100811,,1,6,11,スタニングローズ,牝5,56.0,Cデムー,3,9.5,2:11.1,,④④④②,エリザベス女王杯,2024-11-10,京都
https://www.keibalab.jp/db/race/202411100811/,202411100811,,2,8,16,ラヴェル,牝4,56.0,川田将雅,12,41.2,2:11.5,２,⑧⑧⑧⑨,エリザベス女王杯,2024-11-10,京都
https://www.keibalab.jp/db/race/202411100811/,202411100811,,3,1,1,(外)ホールネス,牝4,56.0,坂井瑠星,2,8.7,2:11.6,3/4,⑤⑤⑤⑤,エリザベス女王杯,2024-11-10,京都
https://www.keibalab.jp/db/race/202411100811/,202411100811,,4,4,8,シンリョクカ,牝4,56.0,木幡初也,5,12.9,2:11.6,クビ,②②③②,エリザベス女王杯,2024-11-10,京都
https://www.keibalab.jp/db/race/202411100811/,202411100811,,5,4,7,レガレイラ,牝3,54.0,ルメール,1,1.9,2:11.6,ハナ,⑧⑧⑩⑨,エリザベス女王杯,2024-11-10,京都
https://www.keibalab.jp/db/race/202411100811/,202411100811,,6,1,2,ライラック,牝5,56.0,石川裕紀,10,35.7,2:11.6,ハナ,⑪⑪⑪⑪,エリザベス女王杯,2024-11-10,京都
https://www.keibalab.jp/db/race/202411100811/,202411100811,,7,7,13,サリエラ,牝5,56.0,ムーア,6,12.9,2:11.8,１,⑭⑭⑭⑭,エリザベス女王杯,2024-11-10,京都
https://www.keibalab.jp/db/race/202411100811/,202411100811,,8,8,15,ゴールドエクリプス,牝5,56.0,田口貫太,16,195.4,2:11.8,ハナ,⑫⑫⑪⑪,エリザベス女王杯,2024-11-10,京都
https://www.keibalab.jp/db/race/202411100811/,202411100811,,9,8,17,コスタボニータ,牝5,56.0,松山弘平,14,54.4,2:11.9,1/2,⑥⑥⑥⑤,エリザベス女王杯,2024-11-10,京都
https://www.keibalab.jp/db/race/202411100811/,202411100811,,10,6,12,シンティレーション,牝5,56.0,マーカン,4,10.4,2:12.0,3/4,⑧⑧⑧⑧,エリザベス女王杯,2024-11-10,京都
https://www.keibalab.jp/db/race/202411100811/,202411100811,,11,5,9,キミノナハマリア,牝4,56.0,鮫島克駿,11,39.3,2:12.1,1/2,⑥⑥⑥⑤,エリザベス女王杯,2024-11-10,京都
https://www.keibalab.jp/db/race/202411100811/,202411100811,,12,5,10,エリカヴィータ,牝5,56.0,藤岡佑介,17,207.5,2:12.1,ハナ,⑫⑫⑪⑬,エリザベス女王杯,2024-11-10,京都
https://www.keibalab.jp/db/race/202411100811/,202411100811,,13,2,3,ルージュリナージュ,牝5,56.0,池添謙一,13,53.0,2:12.1,クビ,⑯⑯⑯⑰,エリザベス女王杯,2024-11-10,京都
https://www.keibalab.jp/db/race/202411100811/,202411100811,,14,3,5,モリアーナ,牝4,56.0,岩田康誠,9,30.1,2:12.4,１1/2,⑭⑭⑭⑭,エリザベス女王杯,2024-11-10,京都
https://www.keibalab.jp/db/race/202411100811/,202411100811,,15,3,6,ピースオブザライフ,牝4,56.0,団野大成,15,126.8,2:13.3,５,⑯⑯⑯⑯,エリザベス女王杯,2024-11-10,京都
https://www.keibalab.jp/db/race/202411100811/,202411100811,,16,2,4,コンクシェル,牝4,56.0,岩田望来,8,25.8,2:13.6,２,①①①①,エリザベス女王杯,2024-11-10,京都
https://www.keibalab.jp/db/race/202411100811/,202411100811,,17,7,14,ハーパー,牝4,56.0,武豊,7,19.1,2:13.8,3/4,②②②②,エリザベス女王杯,2024-11-10,京都
https://www.keibalab.jp/db/race/202411170811/,202411170811,,1,7,13,ソウルラッシュ,牡6,58.0,団野大成,4,5.3,1:32.0,,⑩⑩,マイルCS,2024-11-17,京都
https://www.keibalab.jp/db/race/202411170811/,202411170811,,2,8,17,エルトンバローズ,牡4,58.0,西村淳也,7,18.9,1:32.4,２1/2,⑧⑧,マイルCS,2024-11-17,京都
https://www.keibalab.jp/db/race/202411170811/,202411170811,,3,7,14,ウインマーベル,牡5,58.0,松山弘平,10,41.5,1:32.4,クビ,④②,マイルCS,2024-11-17,京都
https://www.keibalab.jp/db/race/202411170811/,202411170811,,4,1,2,ブレイディヴェーグ,牝4,56.0,ルメール,1,3.7,1:32.4,ハナ,⑨⑩,マイルCS,2024-11-17,京都
https://www.keibalab.jp/db/race/202411170811/,202411170811,,5,6,11,[外]チャリン,牡4,58.0,ムーア,3,5.1,1:32.4,クビ,⑭⑮,マイルCS,2024-11-17,京都
https://www.keibalab.jp/db/race/202411170811/,202411170811,,6,8,15,セリフォス,牡5,58.0,川田将雅,6,13.2,1:32.6,１1/4,⑩⑧,マイルCS,2024-11-17,京都
https://www.keibalab.jp/db/race/202411170811/,202411170811,,7,8,16,タイムトゥヘヴン,牡6,58.0,柴田善臣,13,152.7,1:32.6,ハナ,⑰⑰,マイルCS,2024-11-17,京都
https://www.keibalab.jp/db/race/202411170811/,202411170811,,8,5,9,ニホンピロキーフ,牡4,58.0,田口貫太,16,194.0,1:32.7,アタマ,②②,マイルCS,2024-11-17,京都
https://www.keibalab.jp/db/race/202411170811/,202411170811,,9,4,8,フィアスプライド,牝6,56.0,シュタル,11,100.5,1:32.7,ハナ,⑥⑥,マイルCS,2024-11-17,京都
https://www.keibalab.jp/db/race/202411170811/,202411170811,,10,3,5,ジュンブロッサム,牡5,58.0,戸崎圭太,5,9.7,1:32.7,アタマ,⑯⑬,マイルCS,2024-11-17,京都
https://www.keibalab.jp/db/race/202411170811/,202411170811,,11,6,12,アルナシーム,牡5,58.0,藤岡佑介,12,115.6,1:32.9,１1/4,⑭⑬,マイルCS,2024-11-17,京都
https://www.keibalab.jp/db/race/202411170811/,202411170811,,12,3,6,オオバンブルマイ,牡4,58.0,武豊,8,19.7,1:32.9,クビ,⑩⑫,マイルCS,2024-11-17,京都
https://www.keibalab.jp/db/race/202411170811/,202411170811,,13,2,3,バルサムノート,牡4,58.0,北村友一,15,170.9,1:33.4,３,①①,マイルCS,2024-11-17,京都
https://www.keibalab.jp/db/race/202411170811/,202411170811,,14,4,7,マテンロウスカイ,セ5,58.0,横山典弘,9,23.0,1:33.4,ハナ,⑬⑮,マイルCS,2024-11-17,京都
https://www.keibalab.jp/db/race/202411170811/,202411170811,,15,1,1,コムストックロード,牝5,56.0,幸英明,17,282.7,1:33.7,１3/4,④②,マイルCS,2024-11-17,京都
https://www.keibalab.jp/db/race/202411170811/,202411170811,,16,5,10,(外)レイベリング,牡4,58.0,津村明秀,14,162.5,1:34.2,３,②⑤,マイルCS,2024-11-17,京都
https://www.keibalab.jp/db/race/202411170811/,202411170811,,17,2,4,ナミュール,牝5,56.0,Cデムー,2,4.8,1:37.8,大差,⑥⑥,マイルCS,2024-11-17,京都
https://www.keibalab.jp/db/race/202411240511/,202411240511,,1,1,1,タッチウッド,牡4,58.0,Cデムー,7,14.4,1:59.5,,①①①,ジャパンC,2024-11-24,東京
https://www.keibalab.jp/db/race/202411240511/,202411240511,,2,2,3,ガイアメンテ,牡3,56.0,川田将雅,2,4.7,1:59.9,２1/2,②②②,ジャパンC,2024-11-24,東京
https://www.keibalab.jp/db/race/202411240511/,202411240511,,3,8,14,ウインオーディン,牡4,58.0,ビュイッ,4,10.7,2:00.1,１1/4,⑭⑫⑫,ジャパンC,2024-11-24,東京
https://www.keibalab.jp/db/race/202411240511/,202411240511,,4,4,7,ナイトインロンドン,牡4,58.0,スミヨン,3,7.2,2:00.2,1/2,⑪⑩⑨,ジャパンC,2024-11-24,東京
https://www.keibalab.jp/db/race/202411240511/,202411240511,,5,3,4,オクタヴィアヌス,牡4,58.0,ルメール,1,2.6,2:00.3,クビ,④③②,ジャパンC,2024-11-24,東京
https://www.keibalab.jp/db/race/202411240511/,202411240511,,6,6,11,モズロックンロール,牡4,58.0,戸崎圭太,12,118.3,2:00.5,１1/4,⑪⑭⑮,ジャパンC,2024-11-24,東京
https://www.keibalab.jp/db/race/202411240511/,202411240511,,7,5,8,ウインリブルマン,牡6,58.0,松岡正海,14,222.0,2:00.6,1/2,④⑤④,ジャパンC,2024-11-24,東京
https://www.keibalab.jp/db/race/202411240511/,202411240511,,8,4,6,ストロングウィル,牡5,58.0,鮫島克駿,10,64.3,2:00.7,１,②③④,ジャパンC,2024-11-24,東京
https://www.keibalab.jp/db/race/202411240511/,202411240511,,9,7,13,エスコバル,セ6,58.0,ムーア,11,76.3,2:00.7,ハナ,⑪⑫⑫,ジャパンC,2024-11-24,東京
https://www.keibalab.jp/db/race/202411240511/,202411240511,,10,8,15,コスモシャングリラ,牝4,56.0,丹内祐次,15,231.5,2:00.7,アタマ,⑮⑮⑭,ジャパンC,2024-11-24,東京
https://www.keibalab.jp/db/race/202411240511/,202411240511,,11,2,2,ミタマ,牝4,56.0,小崎綾也,13,151.1,2:00.8,クビ,⑦⑥⑥,ジャパンC,2024-11-24,東京
https://www.keibalab.jp/db/race/202411240511/,202411240511,,12,5,9,ショーマンフリート,牡3,56.0,丸山元気,5,12.1,2:00.8,アタマ,⑦⑩⑨,ジャパンC,2024-11-24,東京
https://www.keibalab.jp/db/race/202411240511/,202411240511,,13,6,10,コスモブッドレア,牡3,56.0,横山武史,6,12.6,2:00.8,クビ,④⑥⑥,ジャパンC,2024-11-24,東京
https://www.keibalab.jp/db/race/202411240511/,202411240511,,14,7,12,エイカイマッケンロ,牡5,58.0,松山弘平,9,44.2,2:01.0,１,⑦⑧⑨,ジャパンC,2024-11-24,東京
https://www.keibalab.jp/db/race/202411240511/,202411240511,,15,3,5,ダニーデン,牡4,58.0,マーカン,8,17.5,2:01.0,クビ,⑦⑧⑥,ジャパンC,2024-11-24,東京
https://www.keibalab.jp/db/race/202412220611/,202412220611,,1,4,8,レガレイラ,牝3,54.0,戸崎圭太,4,10.9,2:31.8,,⑥⑤⑤③,有馬記念,2024-12-22,中山
https://www.keibalab.jp/db/race/202412220611/,202412220611,,2,8,16,シャフリヤール,牡6,58.0,Cデムー,10,30.1,2:31.8,ハナ,⑩⑨⑤⑤,有馬記念,2024-12-22,中山
https://www.keibalab.jp/db/race/202412220611/,202412220611,,3,1,1,ダノンデサイル,牡3,56.0,横山典弘,2,4.0,2:32.0,１1/2,①①①①,有馬記念,2024-12-22,中山
https://www.keibalab.jp/db/race/202412220611/,202412220611,,4,3,5,ベラジオオペラ,牡4,58.0,横山和生,3,7.1,2:32.1,1/2,②②②②,有馬記念,2024-12-22,中山
https://www.keibalab.jp/db/race/202412220611/,202412220611,,5,6,11,ジャスティンパレス,牡5,58.0,坂井瑠星,5,10.9,2:32.3,3/4,⑨⑨⑪⑩,有馬記念,2024-12-22,中山
https://www.keibalab.jp/db/race/202412220611/,202412220611,,6,2,3,アーバンシック,牡3,56.0,ルメール,1,2.8,2:32.3,アタマ,⑦⑧⑪⑧,有馬記念,2024-12-22,中山
https://www.keibalab.jp/db/race/202412220611/,202412220611,,7,3,6,ローシャムパーク,牡5,58.0,マーカン,7,17.2,2:32.3,ハナ,⑫⑪⑨⑧,有馬記念,2024-12-22,中山
https://www.keibalab.jp/db/race/202412220611/,202412220611,,8,7,13,スタニングローズ,牝5,56.0,ムーア,9,27.1,2:32.4,１,⑦⑤⑤⑤,有馬記念,2024-12-22,中山
https://www.keibalab.jp/db/race/202412220611/,202412220611,,9,7,14,ダノンベルーガ,牡5,58.0,松山弘平,15,122.4,2:32.5,クビ,⑮⑮⑮⑬,有馬記念,2024-12-22,中山
https://www.keibalab.jp/db/race/202412220611/,202412220611,,10,6,12,シュトルーヴェ,セ5,58.0,鮫島克駿,14,108.1,2:32.6,1/2,⑫⑪⑨⑩,有馬記念,2024-12-22,中山
https://www.keibalab.jp/db/race/202412220611/,202412220611,,11,5,10,プログノーシス,牡6,58.0,三浦皇成,6,16.4,2:32.6,アタマ,⑭⑭⑬⑩,有馬記念,2024-12-22,中山
https://www.keibalab.jp/db/race/202412220611/,202412220611,,12,2,4,ブローザホーン,牡5,58.0,菅原明良,11,35.1,2:33.1,３1/2,⑩⑪⑬⑬,有馬記念,2024-12-22,中山
https://www.keibalab.jp/db/race/202412220611/,202412220611,,13,5,9,ディープボンド,牡7,58.0,幸英明,12,49.7,2:33.3,１,③②②③,有馬記念,2024-12-22,中山
https://www.keibalab.jp/db/race/202412220611/,202412220611,,14,4,7,スターズオンアース,牝5,56.0,川田将雅,8,17.6,2:33.6,２,③⑤⑤⑬,有馬記念,2024-12-22,中山
https://www.keibalab.jp/db/race/202412220611/,202412220611,,15,8,15,ハヤヤッコ,牡8,58.0,吉田豊,13,57.1,2:33.7,アタマ,③④②⑤,有馬記念,2024-12-22,中山
https://www.keibalab.jp/db/race/202412220611/,202412220611,,取消,1,2,ドウデュース,牡5,58.0,武豊,,---,,,⑯⑯⑯⑯,有馬記念,2024-12-22,中山
