race_id,race_name,race_date,venue_code,race_number,horse_number,horse_name,sex_encoded,age,weight,popularity,odds_numeric,last_3f,horse_weight_kg,horse_weight_change,trainer_encoded,trainer_frequency,jockey_encoded,jockey_frequency,year,month,day_of_week,field_size,race_avg_odds,race_avg_weight,race_type_encoded,predicted_score,predicted_rank
20251123_kyoto_01,京都1R,2025-11-23,8,1,3,3番馬,1,3,54.0,3,7.0,35.57545762261663,495,0,3,43,3,92,2025,11,5,16,116.8125,55.9375,0,-4.902268229832632,1
20251123_kyoto_01,京都1R,2025-11-23,8,1,6,6番馬,1,3,54.0,6,20.0,34.02303464199249,472,-5,6,60,6,79,2025,11,5,16,116.8125,55.9375,0,-5.697564335255503,2
20251123_kyoto_01,京都1R,2025-11-23,8,1,1,1番馬,0,5,57.0,1,2.5,37.47256901751002,462,2,1,60,1,101,2025,11,5,16,116.8125,55.9375,0,-6.98253968883288,3
20251123_kyoto_01,京都1R,2025-11-23,8,1,2,2番馬,2,5,57.0,2,4.5,36.47138896080486,510,-1,2,67,2,94,2025,11,5,16,116.8125,55.9375,0,-8.398010322291576,4
20251123_kyoto_01,京都1R,2025-11-23,8,1,10,10番馬,2,3,56.0,10,90.0,34.030251499912566,495,-1,10,67,10,63,2025,11,5,16,116.8125,55.9375,0,-8.427809164349169,5
20251123_kyoto_01,京都1R,2025-11-23,8,1,4,4番馬,2,3,58.0,4,10.0,35.62763184289148,510,1,4,62,4,103,2025,11,5,16,116.8125,55.9375,0,-9.38994980197495,6
20251123_kyoto_01,京都1R,2025-11-23,8,1,7,7番馬,0,3,57.0,7,30.0,34.909078509052605,455,-6,7,58,7,93,2025,11,5,16,116.8125,55.9375,0,-9.58090643015441,7
20251123_kyoto_01,京都1R,2025-11-23,8,1,5,5番馬,0,4,57.0,5,15.0,37.23138376776503,503,5,5,63,5,81,2025,11,5,16,116.8125,55.9375,0,-10.86431611092612,8
20251123_kyoto_01,京都1R,2025-11-23,8,1,16,16番馬,0,3,58.0,16,450.0,35.09922414219255,507,7,16,42,16,91,2025,11,5,16,116.8125,55.9375,0,-11.94097089721354,9
20251123_kyoto_01,京都1R,2025-11-23,8,1,12,12番馬,1,4,54.0,12,160.0,36.44133513324368,500,-2,12,43,12,69,2025,11,5,16,116.8125,55.9375,0,-11.965143436061949,10
20251123_kyoto_01,京都1R,2025-11-23,8,1,8,8番馬,1,4,54.0,8,45.0,37.4533345982873,486,-1,8,50,8,79,2025,11,5,16,116.8125,55.9375,0,-12.081043579553894,11
20251123_kyoto_01,京都1R,2025-11-23,8,1,9,9番馬,0,4,57.0,9,65.0,36.43162037117378,503,0,9,64,9,95,2025,11,5,16,116.8125,55.9375,0,-12.462596872304896,12
20251123_kyoto_01,京都1R,2025-11-23,8,1,11,11番馬,2,4,56.0,11,120.0,35.9434870367453,467,1,11,48,11,75,2025,11,5,16,116.8125,55.9375,0,-13.607042265839112,13
20251123_kyoto_01,京都1R,2025-11-23,8,1,13,13番馬,1,3,54.0,13,210.0,36.83618504688973,457,-6,13,57,13,72,2025,11,5,16,116.8125,55.9375,0,-13.747982102993364,14
20251123_kyoto_01,京都1R,2025-11-23,8,1,15,15番馬,1,3,54.0,15,360.0,36.44392395540397,478,0,15,65,15,105,2025,11,5,16,116.8125,55.9375,0,-14.031860032904385,15
20251123_kyoto_01,京都1R,2025-11-23,8,1,14,14番馬,2,4,58.0,14,280.0,36.200906168625046,453,1,14,58,14,100,2025,11,5,16,116.8125,55.9375,0,-14.370007912602306,16
20251123_kyoto_02,京都2R,2025-11-23,8,2,1,1番馬,0,4,56.0,1,2.5,36.94749497977673,510,-3,1,46,1,64,2025,11,5,16,116.8125,57.1875,0,-5.790709120711041,1
20251123_kyoto_02,京都2R,2025-11-23,8,2,3,3番馬,0,5,57.0,3,7.0,35.71279845970246,500,-6,3,60,3,109,2025,11,5,16,116.8125,57.1875,0,-5.793832944325446,2
20251123_kyoto_02,京都2R,2025-11-23,8,2,5,5番馬,0,3,58.0,5,15.0,34.93484832764173,487,-2,5,66,5,92,2025,11,5,16,116.8125,57.1875,0,-7.220398536160037,3
20251123_kyoto_02,京都2R,2025-11-23,8,2,2,2番馬,0,5,57.0,2,4.5,36.18678965085629,466,5,2,54,2,109,2025,11,5,16,116.8125,57.1875,0,-7.977034524905575,4
20251123_kyoto_02,京都2R,2025-11-23,8,2,7,7番馬,0,4,58.0,7,30.0,34.701211769430635,498,7,7,46,7,86,2025,11,5,16,116.8125,57.1875,0,-8.411317819395853,5
20251123_kyoto_02,京都2R,2025-11-23,8,2,8,8番馬,0,4,58.0,8,45.0,35.390286096955926,496,-2,8,44,8,109,2025,11,5,16,116.8125,57.1875,0,-9.6101264791958,6
20251123_kyoto_02,京都2R,2025-11-23,8,2,13,13番馬,1,5,54.0,13,210.0,34.323677132205006,478,4,13,45,13,94,2025,11,5,16,116.8125,57.1875,0,-9.98947437247769,7
20251123_kyoto_02,京都2R,2025-11-23,8,2,6,6番馬,0,4,57.0,6,20.0,36.67794782079276,519,2,6,61,6,83,2025,11,5,16,116.8125,57.1875,0,-11.197171769095206,8
20251123_kyoto_02,京都2R,2025-11-23,8,2,4,4番馬,0,3,58.0,4,10.0,36.31354766802564,469,-4,4,50,4,63,2025,11,5,16,116.8125,57.1875,0,-11.72657074956914,9
20251123_kyoto_02,京都2R,2025-11-23,8,2,11,11番馬,2,4,57.0,11,120.0,35.587926068297136,481,-3,11,58,11,85,2025,11,5,16,116.8125,57.1875,0,-12.330508945605212,10
20251123_kyoto_02,京都2R,2025-11-23,8,2,9,9番馬,2,4,58.0,9,65.0,36.08383190908817,493,-5,9,42,9,97,2025,11,5,16,116.8125,57.1875,0,-12.737768194311238,11
20251123_kyoto_02,京都2R,2025-11-23,8,2,15,15番馬,0,4,56.0,15,360.0,35.47013768916612,454,-1,15,40,15,66,2025,11,5,16,116.8125,57.1875,0,-13.17691854443196,12
20251123_kyoto_02,京都2R,2025-11-23,8,2,14,14番馬,0,7,57.0,14,280.0,37.28992225453744,459,9,14,62,14,68,2025,11,5,16,116.8125,57.1875,0,-13.798000864257276,13
20251123_kyoto_02,京都2R,2025-11-23,8,2,16,16番馬,2,4,58.0,16,450.0,35.72999151332053,471,-11,16,43,16,92,2025,11,5,16,116.8125,57.1875,0,-14.082381808856885,14
20251123_kyoto_02,京都2R,2025-11-23,8,2,12,12番馬,2,4,58.0,12,160.0,37.40569983098038,464,-1,12,66,12,103,2025,11,5,16,116.8125,57.1875,0,-14.35656234273696,15
20251123_kyoto_02,京都2R,2025-11-23,8,2,10,10番馬,0,6,58.0,10,90.0,36.8349787909719,452,-4,10,50,10,64,2025,11,5,16,116.8125,57.1875,0,-14.45227736020827,16
20251123_kyoto_03,京都3R,2025-11-23,8,3,1,1番馬,0,5,57.0,1,2.5,34.60809941251459,454,1,1,63,1,82,2025,11,5,14,75.64285714285714,55.71428571428572,0,-4.511788543744931,1
20251123_kyoto_03,京都3R,2025-11-23,8,3,6,6番馬,0,3,58.0,6,20.0,34.548438822916,487,-3,6,56,6,82,2025,11,5,14,75.64285714285714,55.71428571428572,0,-6.767271444520225,2
20251123_kyoto_03,京都3R,2025-11-23,8,3,3,3番馬,0,5,55.0,3,7.0,36.03768851259916,519,-1,3,64,3,90,2025,11,5,14,75.64285714285714,55.71428571428572,0,-7.670767933018119,3
20251123_kyoto_03,京都3R,2025-11-23,8,3,7,7番馬,1,3,54.0,7,30.0,34.60019465877593,472,0,7,62,7,83,2025,11,5,14,75.64285714285714,55.71428571428572,0,-8.906173314275593,4
20251123_kyoto_03,京都3R,2025-11-23,8,3,2,2番馬,0,7,55.0,2,4.5,36.78014091543421,518,-2,2,43,2,75,2025,11,5,14,75.64285714285714,55.71428571428572,0,-9.118381793329371,5
20251123_kyoto_03,京都3R,2025-11-23,8,3,11,11番馬,0,5,55.0,11,120.0,34.28502691106103,450,6,11,68,11,96,2025,11,5,14,75.64285714285714,55.71428571428572,0,-9.525324092827994,6
20251123_kyoto_03,京都3R,2025-11-23,8,3,13,13番馬,1,3,54.0,13,210.0,34.32868666990571,517,-1,13,48,13,98,2025,11,5,14,75.64285714285714,55.71428571428572,0,-9.771321143502298,7
20251123_kyoto_03,京都3R,2025-11-23,8,3,9,9番馬,1,3,55.0,9,65.0,35.845909858498935,494,-4,9,59,9,104,2025,11,5,14,75.64285714285714,55.71428571428572,0,-11.2423301441142,8
20251123_kyoto_03,京都3R,2025-11-23,8,3,4,4番馬,0,5,57.0,4,10.0,35.70433353556149,459,0,4,45,4,78,2025,11,5,14,75.64285714285714,55.71428571428572,0,-11.45600782931833,9
20251123_kyoto_03,京都3R,2025-11-23,8,3,14,14番馬,1,4,54.0,14,280.0,34.48554567263763,493,2,14,55,14,62,2025,11,5,14,75.64285714285714,55.71428571428572,0,-12.20587818728539,10
20251123_kyoto_03,京都3R,2025-11-23,8,3,8,8番馬,0,4,57.0,8,45.0,37.140066175348224,512,4,8,53,8,72,2025,11,5,14,75.64285714285714,55.71428571428572,0,-12.565810301848215,11
20251123_kyoto_03,京都3R,2025-11-23,8,3,5,5番馬,0,6,58.0,5,15.0,37.07721957456536,450,3,5,52,5,84,2025,11,5,14,75.64285714285714,55.71428571428572,0,-12.714857072419601,12
20251123_kyoto_03,京都3R,2025-11-23,8,3,12,12番馬,0,3,57.0,12,160.0,37.098614124724726,496,-1,12,42,12,93,2025,11,5,14,75.64285714285714,55.71428571428572,0,-13.348775610091547,13
20251123_kyoto_03,京都3R,2025-11-23,8,3,10,10番馬,1,5,54.0,10,90.0,36.073632087780815,460,0,10,60,10,62,2025,11,5,14,75.64285714285714,55.71428571428572,0,-14.243270831688815,14
20251123_kyoto_04,京都4R,2025-11-23,8,4,3,3番馬,1,6,54.0,3,7.0,34.48600550520367,463,-5,3,66,3,92,2025,11,5,16,116.8125,55.625,0,-4.32565049045935,1
20251123_kyoto_04,京都4R,2025-11-23,8,4,2,2番馬,1,5,54.0,2,4.5,35.35307002397799,514,-2,2,52,2,81,2025,11,5,16,116.8125,55.625,0,-5.806793567057129,2
20251123_kyoto_04,京都4R,2025-11-23,8,4,1,1番馬,2,5,56.0,1,2.5,37.91988131743541,492,4,1,57,1,97,2025,11,5,16,116.8125,55.625,0,-7.6633942904516354,3
20251123_kyoto_04,京都4R,2025-11-23,8,4,5,5番馬,1,5,54.0,5,15.0,34.709715077878826,488,-3,5,69,5,106,2025,11,5,16,116.8125,55.625,0,-8.176758740033975,4
20251123_kyoto_04,京都4R,2025-11-23,8,4,12,12番馬,0,4,57.0,12,160.0,34.01287305441711,493,4,12,42,12,89,2025,11,5,16,116.8125,55.625,0,-8.357211503338977,5
20251123_kyoto_04,京都4R,2025-11-23,8,4,10,10番馬,0,5,57.0,10,90.0,34.02091845417165,503,-5,10,44,10,75,2025,11,5,16,116.8125,55.625,0,-9.012549645976916,6
20251123_kyoto_04,京都4R,2025-11-23,8,4,7,7番馬,0,4,57.0,7,30.0,35.190193805275285,489,-5,7,60,7,103,2025,11,5,16,116.8125,55.625,0,-9.693333345297583,7
20251123_kyoto_04,京都4R,2025-11-23,8,4,11,11番馬,1,7,54.0,11,120.0,35.79444252381817,500,-4,11,66,11,89,2025,11,5,16,116.8125,55.625,0,-10.502168775623238,8
20251123_kyoto_04,京都4R,2025-11-23,8,4,4,4番馬,0,6,58.0,4,10.0,37.38605735476112,514,3,4,53,4,102,2025,11,5,16,116.8125,55.625,0,-10.863423040505843,9
20251123_kyoto_04,京都4R,2025-11-23,8,4,6,6番馬,0,3,56.0,6,20.0,36.90391963994118,507,0,6,65,6,96,2025,11,5,16,116.8125,55.625,0,-11.106600140315765,10
20251123_kyoto_04,京都4R,2025-11-23,8,4,9,9番馬,0,6,56.0,9,65.0,36.22033979720914,501,-3,9,58,9,69,2025,11,5,16,116.8125,55.625,0,-11.47382563338199,11
20251123_kyoto_04,京都4R,2025-11-23,8,4,8,8番馬,1,5,54.0,8,45.0,35.84622989767916,450,3,8,69,8,64,2025,11,5,16,116.8125,55.625,0,-12.41879321754072,12
20251123_kyoto_04,京都4R,2025-11-23,8,4,13,13番馬,0,5,55.0,13,210.0,36.31993514971253,489,-2,13,56,13,90,2025,11,5,16,116.8125,55.625,0,-12.749953242964173,13
20251123_kyoto_04,京都4R,2025-11-23,8,4,15,15番馬,0,4,56.0,15,360.0,35.312771014437246,480,-2,15,42,15,71,2025,11,5,16,116.8125,55.625,0,-12.903469159952964,14
20251123_kyoto_04,京都4R,2025-11-23,8,4,14,14番馬,1,6,54.0,14,280.0,37.30019764072025,484,4,14,61,14,99,2025,11,5,16,116.8125,55.625,0,-14.305064316979143,15
20251123_kyoto_04,京都4R,2025-11-23,8,4,16,16番馬,0,5,58.0,16,450.0,37.73245332537423,494,7,16,63,16,65,2025,11,5,16,116.8125,55.625,0,-14.940684183055552,16
20251123_kyoto_05,京都5R,2025-11-23,8,5,3,3番馬,0,6,58.0,3,7.0,34.74440567138511,506,0,3,53,3,84,2025,11,5,15,94.6,56.53333333333333,0,-4.271157863499705,1
20251123_kyoto_05,京都5R,2025-11-23,8,5,1,1番馬,0,6,57.0,1,2.5,36.28748908490875,491,-4,1,45,1,78,2025,11,5,15,94.6,56.53333333333333,0,-5.02838388176399,2
20251123_kyoto_05,京都5R,2025-11-23,8,5,6,6番馬,0,3,58.0,6,20.0,34.998184799398025,469,-1,6,63,6,63,2025,11,5,15,94.6,56.53333333333333,0,-8.186166092655005,3
20251123_kyoto_05,京都5R,2025-11-23,8,5,2,2番馬,0,3,55.0,2,4.5,37.3267881747031,469,-7,2,68,2,72,2025,11,5,15,94.6,56.53333333333333,0,-8.580541194937835,4
20251123_kyoto_05,京都5R,2025-11-23,8,5,9,9番馬,0,5,58.0,9,65.0,35.026120249776994,495,0,9,45,9,88,2025,11,5,15,94.6,56.53333333333333,0,-9.739870933932858,5
20251123_kyoto_05,京都5R,2025-11-23,8,5,4,4番馬,0,3,58.0,4,10.0,35.9858446094212,480,3,4,44,4,90,2025,11,5,15,94.6,56.53333333333333,0,-10.373562088528821,6
20251123_kyoto_05,京都5R,2025-11-23,8,5,10,10番馬,0,7,57.0,10,90.0,35.39802548834727,457,-1,10,47,10,102,2025,11,5,15,94.6,56.53333333333333,0,-11.291145891722469,7
20251123_kyoto_05,京都5R,2025-11-23,8,5,8,8番馬,0,6,55.0,8,45.0,36.65515874470236,517,2,8,41,8,80,2025,11,5,15,94.6,56.53333333333333,0,-11.45755136341508,8
20251123_kyoto_05,京都5R,2025-11-23,8,5,14,14番馬,0,3,56.0,14,280.0,35.32086025948599,502,-5,14,66,14,103,2025,11,5,15,94.6,56.53333333333333,0,-12.359273273306496,9
20251123_kyoto_05,京都5R,2025-11-23,8,5,7,7番馬,0,3,55.0,7,30.0,37.625749813377645,459,6,7,55,7,80,2025,11,5,15,94.6,56.53333333333333,0,-12.660321360877571,10
20251123_kyoto_05,京都5R,2025-11-23,8,5,12,12番馬,0,3,57.0,12,160.0,35.93878514852019,461,-1,12,52,12,92,2025,11,5,15,94.6,56.53333333333333,0,-13.090068662662308,11
20251123_kyoto_05,京都5R,2025-11-23,8,5,11,11番馬,0,4,56.0,11,120.0,37.44055877339774,500,-2,11,42,11,95,2025,11,5,15,94.6,56.53333333333333,0,-13.128741566803583,12
20251123_kyoto_05,京都5R,2025-11-23,8,5,5,5番馬,0,5,57.0,5,15.0,37.82645848433384,454,3,5,41,5,74,2025,11,5,15,94.6,56.53333333333333,0,-13.689784842029994,13
20251123_kyoto_05,京都5R,2025-11-23,8,5,13,13番馬,0,3,57.0,13,210.0,37.22561446893136,482,8,13,41,13,99,2025,11,5,15,94.6,56.53333333333333,0,-13.851715121550358,14
20251123_kyoto_05,京都5R,2025-11-23,8,5,15,15番馬,1,3,54.0,15,360.0,37.9399586245635,504,0,15,40,15,63,2025,11,5,15,94.6,56.53333333333333,0,-14.947268713355852,15
20251123_kyoto_06,京都6R,2025-11-23,8,6,1,1番馬,0,6,57.0,1,2.5,35.99125003213716,457,4,1,51,1,98,2025,11,5,16,116.8125,56.125,0,-5.567232386518635,1
20251123_kyoto_06,京都6R,2025-11-23,8,6,2,2番馬,2,3,57.0,2,4.5,35.1485518323383,505,2,2,57,2,91,2025,11,5,16,116.8125,56.125,0,-5.626977810213272,2
20251123_kyoto_06,京都6R,2025-11-23,8,6,3,3番馬,1,4,55.0,3,7.0,36.13211546898456,461,3,3,49,3,102,2025,11,5,16,116.8125,56.125,0,-6.7883227771852415,3
20251123_kyoto_06,京都6R,2025-11-23,8,6,4,4番馬,2,3,58.0,4,10.0,34.56284611219503,464,2,4,45,4,104,2025,11,5,16,116.8125,56.125,0,-7.157610144236476,4
20251123_kyoto_06,京都6R,2025-11-23,8,6,9,9番馬,0,6,57.0,9,65.0,34.695046372542976,499,-2,9,50,9,82,2025,11,5,16,116.8125,56.125,0,-8.86011140657472,5
20251123_kyoto_06,京都6R,2025-11-23,8,6,11,11番馬,1,3,54.0,11,120.0,35.30041606172679,498,-1,11,65,11,73,2025,11,5,16,116.8125,56.125,0,-9.252607435438678,6
20251123_kyoto_06,京都6R,2025-11-23,8,6,10,10番馬,1,5,54.0,10,90.0,35.409499786438616,508,-1,10,54,10,108,2025,11,5,16,116.8125,56.125,0,-9.973679557330959,7
20251123_kyoto_06,京都6R,2025-11-23,8,6,12,12番馬,1,5,54.0,12,160.0,35.221242706786924,464,2,12,40,12,75,2025,11,5,16,116.8125,56.125,0,-10.586677432941196,8
20251123_kyoto_06,京都6R,2025-11-23,8,6,15,15番馬,2,3,57.0,15,360.0,34.16809870068562,501,0,15,65,15,74,2025,11,5,16,116.8125,56.125,0,-11.103040372691463,9
20251123_kyoto_06,京都6R,2025-11-23,8,6,7,7番馬,0,3,57.0,7,30.0,36.109598488490704,500,-3,7,65,7,100,2025,11,5,16,116.8125,56.125,0,-11.20049562793985,10
20251123_kyoto_06,京都6R,2025-11-23,8,6,16,16番馬,2,5,58.0,16,450.0,34.07202622240182,517,1,16,61,16,75,2025,11,5,16,116.8125,56.125,0,-11.313249673454296,11
20251123_kyoto_06,京都6R,2025-11-23,8,6,8,8番馬,0,5,57.0,8,45.0,35.884671595731255,507,2,8,53,8,77,2025,11,5,16,116.8125,56.125,0,-11.363515553144005,12
20251123_kyoto_06,京都6R,2025-11-23,8,6,6,6番馬,0,7,57.0,6,20.0,36.538685093015765,461,0,6,66,6,81,2025,11,5,16,116.8125,56.125,0,-11.867256496456347,13
20251123_kyoto_06,京都6R,2025-11-23,8,6,5,5番馬,1,3,54.0,5,15.0,36.461192100279206,455,0,5,55,5,108,2025,11,5,16,116.8125,56.125,0,-11.90263817051575,14
20251123_kyoto_06,京都6R,2025-11-23,8,6,14,14番馬,0,3,57.0,14,280.0,35.841433084807704,510,3,14,56,14,79,2025,11,5,16,116.8125,56.125,0,-12.62663208011158,15
20251123_kyoto_06,京都6R,2025-11-23,8,6,13,13番馬,1,6,55.0,13,210.0,37.06425910614121,505,-4,13,67,13,93,2025,11,5,16,116.8125,56.125,0,-12.993492682425403,16
20251123_kyoto_07,京都7R,2025-11-23,8,7,1,1番馬,1,3,55.0,1,2.5,34.45032156164775,499,-3,1,47,1,60,2025,11,5,16,116.8125,56.3125,0,-2.2876710637145727,1
20251123_kyoto_07,京都7R,2025-11-23,8,7,4,4番馬,2,6,57.0,4,10.0,34.25456363714657,508,-2,4,57,4,65,2025,11,5,16,116.8125,56.3125,0,-5.06721613069028,2
20251123_kyoto_07,京都7R,2025-11-23,8,7,2,2番馬,0,4,57.0,2,4.5,35.18895123083447,470,0,2,62,2,62,2025,11,5,16,116.8125,56.3125,0,-6.089548382491173,3
20251123_kyoto_07,京都7R,2025-11-23,8,7,3,3番馬,2,6,57.0,3,7.0,36.37288628042954,512,2,3,41,3,89,2025,11,5,16,116.8125,56.3125,0,-7.676171588089509,4
20251123_kyoto_07,京都7R,2025-11-23,8,7,9,9番馬,0,3,56.0,9,65.0,35.10725723116522,518,0,9,45,9,90,2025,11,5,16,116.8125,56.3125,0,-9.16357519776183,5
20251123_kyoto_07,京都7R,2025-11-23,8,7,10,10番馬,0,3,57.0,10,90.0,34.02202319664168,450,-8,10,46,10,61,2025,11,5,16,116.8125,56.3125,0,-9.335727948288213,6
20251123_kyoto_07,京都7R,2025-11-23,8,7,5,5番馬,0,6,57.0,5,15.0,37.31714719726702,511,2,5,52,5,75,2025,11,5,16,116.8125,56.3125,0,-10.636760264325286,7
20251123_kyoto_07,京都7R,2025-11-23,8,7,12,12番馬,1,3,54.0,12,160.0,36.02964775487124,511,0,12,54,12,95,2025,11,5,16,116.8125,56.3125,0,-11.211547179558602,8
20251123_kyoto_07,京都7R,2025-11-23,8,7,16,16番馬,0,5,55.0,16,450.0,34.320720056327616,474,-8,16,68,16,93,2025,11,5,16,116.8125,56.3125,0,-11.597785067002604,9
20251123_kyoto_07,京都7R,2025-11-23,8,7,13,13番馬,2,3,56.0,13,210.0,35.578304302390585,479,3,13,61,13,90,2025,11,5,16,116.8125,56.3125,0,-12.411150451177754,10
20251123_kyoto_07,京都7R,2025-11-23,8,7,6,6番馬,0,5,57.0,6,20.0,37.570093159819386,481,10,6,58,6,91,2025,11,5,16,116.8125,56.3125,0,-12.450369103646763,11
20251123_kyoto_07,京都7R,2025-11-23,8,7,11,11番馬,0,4,58.0,11,120.0,36.288194573477206,485,1,11,51,11,64,2025,11,5,16,116.8125,56.3125,0,-12.49856575041294,12
20251123_kyoto_07,京都7R,2025-11-23,8,7,7,7番馬,0,5,56.0,7,30.0,36.04945511018316,457,-1,7,59,7,107,2025,11,5,16,116.8125,56.3125,0,-12.685626977084542,13
20251123_kyoto_07,京都7R,2025-11-23,8,7,8,8番馬,1,5,54.0,8,45.0,36.536416125505326,454,-9,8,47,8,78,2025,11,5,16,116.8125,56.3125,0,-13.347737502950443,14
20251123_kyoto_07,京都7R,2025-11-23,8,7,15,15番馬,0,3,57.0,15,360.0,36.74635965397043,458,-3,15,51,15,66,2025,11,5,16,116.8125,56.3125,0,-14.374437350611688,15
20251123_kyoto_07,京都7R,2025-11-23,8,7,14,14番馬,0,6,58.0,14,280.0,37.2847931302009,450,0,14,59,14,62,2025,11,5,16,116.8125,56.3125,0,-14.496974339354423,16
20251123_kyoto_08,京都8R,2025-11-23,8,8,1,1番馬,1,4,54.0,1,2.5,34.040524736110974,494,0,1,66,1,96,2025,11,5,14,75.64285714285714,55.57142857142857,0,-3.201621660215504,1
20251123_kyoto_08,京都8R,2025-11-23,8,8,3,3番馬,0,4,57.0,3,7.0,34.17495628923579,458,-7,3,61,3,92,2025,11,5,14,75.64285714285714,55.57142857142857,0,-4.837155088870023,2
20251123_kyoto_08,京都8R,2025-11-23,8,8,7,7番馬,1,4,54.0,7,30.0,34.101791039623,495,-5,7,42,7,80,2025,11,5,14,75.64285714285714,55.57142857142857,0,-6.9246671562592494,3
20251123_kyoto_08,京都8R,2025-11-23,8,8,2,2番馬,0,6,55.0,2,4.5,36.13586989019105,459,3,2,40,2,81,2025,11,5,14,75.64285714285714,55.57142857142857,0,-8.04597100577785,4
20251123_kyoto_08,京都8R,2025-11-23,8,8,9,9番馬,1,3,54.0,9,65.0,34.11014687947786,485,0,9,41,9,61,2025,11,5,14,75.64285714285714,55.57142857142857,0,-9.202492219155456,5
20251123_kyoto_08,京都8R,2025-11-23,8,8,6,6番馬,1,5,54.0,6,20.0,35.498211548080484,461,-2,6,52,6,67,2025,11,5,14,75.64285714285714,55.57142857142857,0,-10.974912264715307,6
20251123_kyoto_08,京都8R,2025-11-23,8,8,13,13番馬,0,3,55.0,13,210.0,35.36979191533885,468,0,13,50,13,89,2025,11,5,14,75.64285714285714,55.57142857142857,0,-11.85644282838684,7
20251123_kyoto_08,京都8R,2025-11-23,8,8,8,8番馬,0,5,57.0,8,45.0,35.45837491279016,465,4,8,69,8,82,2025,11,5,14,75.64285714285714,55.57142857142857,0,-12.114940817716269,8
20251123_kyoto_08,京都8R,2025-11-23,8,8,5,5番馬,0,5,58.0,5,15.0,37.430249350645134,514,-7,5,57,5,78,2025,11,5,14,75.64285714285714,55.57142857142857,0,-12.26854588695793,9
20251123_kyoto_08,京都8R,2025-11-23,8,8,4,4番馬,1,5,54.0,4,10.0,36.69186648957773,469,2,4,49,4,99,2025,11,5,14,75.64285714285714,55.57142857142857,0,-13.322214280532295,10
20251123_kyoto_08,京都8R,2025-11-23,8,8,12,12番馬,0,4,57.0,12,160.0,37.04760725041948,508,-5,12,53,12,75,2025,11,5,14,75.64285714285714,55.57142857142857,0,-13.370864971408674,11
20251123_kyoto_08,京都8R,2025-11-23,8,8,10,10番馬,0,3,55.0,10,90.0,37.02485445580071,482,1,10,48,10,105,2025,11,5,14,75.64285714285714,55.57142857142857,0,-13.690843085397832,12
20251123_kyoto_08,京都8R,2025-11-23,8,8,14,14番馬,0,4,57.0,14,280.0,35.955591327169806,478,1,14,69,14,104,2025,11,5,14,75.64285714285714,55.57142857142857,0,-14.250229510062827,13
20251123_kyoto_08,京都8R,2025-11-23,8,8,11,11番馬,0,7,57.0,11,120.0,37.55361468923473,492,-6,11,50,11,87,2025,11,5,14,75.64285714285714,55.57142857142857,0,-14.385438041368355,14
20251123_kyoto_09,京都9R,2025-11-23,8,9,1,1番馬,1,4,54.0,1,2.5,34.80524843128973,477,0,1,56,1,71,2025,11,5,16,116.8125,56.1875,0,-2.6374735421906346,1
20251123_kyoto_09,京都9R,2025-11-23,8,9,2,2番馬,2,6,58.0,2,4.5,36.133546515061454,510,-2,2,43,2,99,2025,11,5,16,116.8125,56.1875,0,-7.467508569129279,2
20251123_kyoto_09,京都9R,2025-11-23,8,9,4,4番馬,1,4,54.0,4,10.0,35.143134222103484,464,-4,4,62,4,79,2025,11,5,16,116.8125,56.1875,0,-7.6153367140433765,3
20251123_kyoto_09,京都9R,2025-11-23,8,9,3,3番馬,0,5,56.0,3,7.0,37.50836232407276,516,0,3,69,3,84,2025,11,5,16,116.8125,56.1875,0,-8.778789282654468,4
20251123_kyoto_09,京都9R,2025-11-23,8,9,12,12番馬,2,4,56.0,12,160.0,34.30744830110466,485,0,12,63,12,95,2025,11,5,16,116.8125,56.1875,0,-8.83037302090617,5
20251123_kyoto_09,京都9R,2025-11-23,8,9,11,11番馬,0,4,57.0,11,120.0,34.264039376560966,474,0,11,68,11,63,2025,11,5,16,116.8125,56.1875,0,-9.411461292837727,6
20251123_kyoto_09,京都9R,2025-11-23,8,9,7,7番馬,0,6,57.0,7,30.0,36.04172995601693,493,7,7,61,7,94,2025,11,5,16,116.8125,56.1875,0,-10.521820838434337,7
20251123_kyoto_09,京都9R,2025-11-23,8,9,6,6番馬,2,3,56.0,6,20.0,37.41584786782169,480,-1,6,65,6,104,2025,11,5,16,116.8125,56.1875,0,-11.185818511474706,8
20251123_kyoto_09,京都9R,2025-11-23,8,9,5,5番馬,0,4,57.0,5,15.0,37.46230858249821,518,4,5,62,5,88,2025,11,5,16,116.8125,56.1875,0,-11.604686639345436,9
20251123_kyoto_09,京都9R,2025-11-23,8,9,13,13番馬,0,3,57.0,13,210.0,35.181161976191774,466,3,13,67,13,80,2025,11,5,16,116.8125,56.1875,0,-11.805293398083652,10
20251123_kyoto_09,京都9R,2025-11-23,8,9,14,14番馬,2,4,57.0,14,280.0,34.904115991264,494,-2,14,69,14,90,2025,11,5,16,116.8125,56.1875,0,-12.206029451526716,11
20251123_kyoto_09,京都9R,2025-11-23,8,9,10,10番馬,1,5,55.0,10,90.0,37.383685758710925,492,2,10,42,10,84,2025,11,5,16,116.8125,56.1875,0,-13.063551638660545,12
20251123_kyoto_09,京都9R,2025-11-23,8,9,8,8番馬,0,3,57.0,8,45.0,37.21774883071802,469,0,8,46,8,107,2025,11,5,16,116.8125,56.1875,0,-13.111046075962449,13
20251123_kyoto_09,京都9R,2025-11-23,8,9,16,16番馬,1,3,55.0,16,450.0,37.29013917753679,506,-5,16,56,16,86,2025,11,5,16,116.8125,56.1875,0,-14.066645827786399,14
20251123_kyoto_09,京都9R,2025-11-23,8,9,9,9番馬,0,7,57.0,9,65.0,37.31387719779647,470,2,9,44,9,97,2025,11,5,16,116.8125,56.1875,0,-14.087114107156939,15
20251123_kyoto_09,京都9R,2025-11-23,8,9,15,15番馬,0,5,56.0,15,360.0,37.5546363210616,485,8,15,58,15,63,2025,11,5,16,116.8125,56.1875,0,-14.822915219602717,16
20251123_kyoto_10,白菊賞,2025-11-23,8,10,2,2番馬,0,3,57.0,2,4.5,34.187407634110414,469,-3,2,61,2,63,2025,11,5,14,75.64285714285714,56.642857142857146,0,-5.38692906101855,1
20251123_kyoto_10,白菊賞,2025-11-23,8,10,1,1番馬,0,5,56.0,1,2.5,35.98678169127179,469,1,1,41,1,97,2025,11,5,14,75.64285714285714,56.642857142857146,0,-5.645895238235778,2
20251123_kyoto_10,白菊賞,2025-11-23,8,10,6,6番馬,1,7,55.0,6,20.0,35.192208834557775,457,-3,6,63,6,92,2025,11,5,14,75.64285714285714,56.642857142857146,0,-8.713019819114608,3
20251123_kyoto_10,白菊賞,2025-11-23,8,10,3,3番馬,1,3,54.0,3,7.0,36.96361622460829,472,-1,3,48,3,102,2025,11,5,14,75.64285714285714,56.642857142857146,0,-8.72176486342183,4
20251123_kyoto_10,白菊賞,2025-11-23,8,10,4,4番馬,0,5,58.0,4,10.0,35.73526967830612,513,-3,4,51,4,108,2025,11,5,14,75.64285714285714,56.642857142857146,0,-10.137768067069821,5
20251123_kyoto_10,白菊賞,2025-11-23,8,10,5,5番馬,0,5,57.0,5,15.0,35.55059522182259,494,2,5,59,5,108,2025,11,5,14,75.64285714285714,56.642857142857146,0,-10.319183691971995,6
20251123_kyoto_10,白菊賞,2025-11-23,8,10,13,13番馬,2,4,57.0,13,210.0,35.24745543166753,504,0,13,69,13,66,2025,11,5,14,75.64285714285714,56.642857142857146,0,-11.953073778950513,7
20251123_kyoto_10,白菊賞,2025-11-23,8,10,7,7番馬,0,4,58.0,7,30.0,36.001604582840805,480,-5,7,51,7,78,2025,11,5,14,75.64285714285714,56.642857142857146,0,-12.094112012810365,8
20251123_kyoto_10,白菊賞,2025-11-23,8,10,12,12番馬,0,4,57.0,12,160.0,36.12375071364838,491,-4,12,40,12,83,2025,11,5,14,75.64285714285714,56.642857142857146,0,-12.28718733286963,9
20251123_kyoto_10,白菊賞,2025-11-23,8,10,9,9番馬,0,6,56.0,9,65.0,36.71125280124018,492,-2,9,59,9,96,2025,11,5,14,75.64285714285714,56.642857142857146,0,-12.330017777367065,10
20251123_kyoto_10,白菊賞,2025-11-23,8,10,8,8番馬,0,5,57.0,8,45.0,37.28871954726569,509,0,8,46,8,92,2025,11,5,14,75.64285714285714,56.642857142857146,0,-12.84782345188037,11
20251123_kyoto_10,白菊賞,2025-11-23,8,10,14,14番馬,0,5,58.0,14,280.0,34.4808289164823,468,6,14,40,14,74,2025,11,5,14,75.64285714285714,56.642857142857146,0,-13.04365498684961,12
20251123_kyoto_10,白菊賞,2025-11-23,8,10,11,11番馬,0,3,56.0,11,120.0,36.06344761084931,468,-6,11,40,11,66,2025,11,5,14,75.64285714285714,56.642857142857146,0,-13.786206290975997,13
20251123_kyoto_10,白菊賞,2025-11-23,8,10,10,10番馬,0,5,57.0,10,90.0,36.85282753313047,463,-1,10,66,10,74,2025,11,5,14,75.64285714285714,56.642857142857146,0,-14.60911577735301,14
20251123_kyoto_11,京都2歳S,2025-11-23,8,11,1,1番馬,1,4,54.0,1,2.5,35.48695717962532,450,3,1,69,1,102,2025,11,5,12,47.41666666666666,55.833333333333336,1,-3.726717380155262,1
20251123_kyoto_11,京都2歳S,2025-11-23,8,11,3,3番馬,0,3,56.0,3,7.0,35.936308278840805,502,-2,3,68,3,107,2025,11,5,12,47.41666666666666,55.833333333333336,1,-5.968447381266026,2
20251123_kyoto_11,京都2歳S,2025-11-23,8,11,7,7番馬,1,3,54.0,7,30.0,34.03136636308767,494,-4,7,68,7,86,2025,11,5,12,47.41666666666666,55.833333333333336,1,-6.021038185344006,3
20251123_kyoto_11,京都2歳S,2025-11-23,8,11,2,2番馬,0,6,58.0,2,4.5,37.12150449428392,482,-5,2,51,2,75,2025,11,5,12,47.41666666666666,55.833333333333336,1,-7.07018618420514,4
20251123_kyoto_11,京都2歳S,2025-11-23,8,11,8,8番馬,0,4,57.0,8,45.0,34.304956871894255,469,0,8,64,8,82,2025,11,5,12,47.41666666666666,55.833333333333336,1,-7.263138653738535,5
20251123_kyoto_11,京都2歳S,2025-11-23,8,11,9,9番馬,0,4,55.0,9,65.0,34.66299911928063,481,1,9,47,9,108,2025,11,5,12,47.41666666666666,55.833333333333336,1,-8.117570733733888,6
20251123_kyoto_11,京都2歳S,2025-11-23,8,11,5,5番馬,0,3,57.0,5,15.0,37.12528742298922,490,1,5,59,5,79,2025,11,5,12,47.41666666666666,55.833333333333336,1,-10.52123749959815,7
20251123_kyoto_11,京都2歳S,2025-11-23,8,11,11,11番馬,0,4,55.0,11,120.0,36.489373058468985,518,2,11,67,11,107,2025,11,5,12,47.41666666666666,55.833333333333336,1,-11.219812790495405,8
20251123_kyoto_11,京都2歳S,2025-11-23,8,11,10,10番馬,0,7,58.0,10,90.0,36.8468912229842,518,1,10,57,10,72,2025,11,5,12,47.41666666666666,55.833333333333336,1,-11.222171360676503,9
20251123_kyoto_11,京都2歳S,2025-11-23,8,11,6,6番馬,1,3,54.0,6,20.0,37.66994337252796,470,-1,6,54,6,104,2025,11,5,12,47.41666666666666,55.833333333333336,1,-12.383321732660404,10
20251123_kyoto_11,京都2歳S,2025-11-23,8,11,12,12番馬,2,4,58.0,12,160.0,37.02924082853775,461,-2,12,54,12,95,2025,11,5,12,47.41666666666666,55.833333333333336,1,-12.62547419844178,11
20251123_kyoto_11,京都2歳S,2025-11-23,8,11,4,4番馬,1,7,54.0,4,10.0,37.851073401012826,455,0,4,50,4,71,2025,11,5,12,47.41666666666666,55.833333333333336,1,-13.384912595606409,12
20251123_kyoto_12,アンドロメダS,2025-11-23,8,12,1,1番馬,0,5,57.0,1,2.5,34.65079897523427,489,0,1,40,1,60,2025,11,5,16,116.8125,56.5,0,-2.8322888966918214,1
20251123_kyoto_12,アンドロメダS,2025-11-23,8,12,3,3番馬,1,3,54.0,3,7.0,34.116679054581056,483,-3,3,48,3,79,2025,11,5,16,116.8125,56.5,0,-3.148053409161305,2
20251123_kyoto_12,アンドロメダS,2025-11-23,8,12,6,6番馬,0,3,58.0,6,20.0,34.40721473179815,485,-6,6,46,6,61,2025,11,5,16,116.8125,56.5,0,-5.262981130361851,3
20251123_kyoto_12,アンドロメダS,2025-11-23,8,12,2,2番馬,0,6,56.0,2,4.5,36.53745475548675,465,6,2,49,2,102,2025,11,5,16,116.8125,56.5,0,-6.899432205039362,4
20251123_kyoto_12,アンドロメダS,2025-11-23,8,12,7,7番馬,0,3,58.0,7,30.0,35.12991497590811,516,-6,7,57,7,85,2025,11,5,16,116.8125,56.5,0,-8.414104116823708,5
20251123_kyoto_12,アンドロメダS,2025-11-23,8,12,5,5番馬,2,7,57.0,5,15.0,35.42848463720201,505,1,5,50,5,92,2025,11,5,16,116.8125,56.5,0,-8.536715948411471,6
20251123_kyoto_12,アンドロメダS,2025-11-23,8,12,9,9番馬,1,4,54.0,9,65.0,34.818720436229135,491,-2,9,65,9,70,2025,11,5,16,116.8125,56.5,0,-9.173776767304037,7
20251123_kyoto_12,アンドロメダS,2025-11-23,8,12,12,12番馬,0,3,58.0,12,160.0,34.00004653902146,479,4,12,55,12,62,2025,11,5,16,116.8125,56.5,0,-9.267808796013457,8
20251123_kyoto_12,アンドロメダS,2025-11-23,8,12,4,4番馬,2,7,55.0,4,10.0,37.044031693981566,476,1,4,51,4,97,2025,11,5,16,116.8125,56.5,0,-9.758142561194623,9
20251123_kyoto_12,アンドロメダS,2025-11-23,8,12,8,8番馬,1,3,54.0,8,45.0,37.576377210133,516,7,8,66,8,80,2025,11,5,16,116.8125,56.5,0,-9.982612245758638,10
20251123_kyoto_12,アンドロメダS,2025-11-23,8,12,15,15番馬,1,7,55.0,15,360.0,35.57278080411169,491,-2,15,56,15,95,2025,11,5,16,116.8125,56.5,0,-12.377452154547216,11
20251123_kyoto_12,アンドロメダS,2025-11-23,8,12,13,13番馬,2,3,57.0,13,210.0,35.21577004902011,466,4,13,65,13,81,2025,11,5,16,116.8125,56.5,0,-12.40063581817913,12
20251123_kyoto_12,アンドロメダS,2025-11-23,8,12,10,10番馬,0,3,58.0,10,90.0,36.02768175184734,478,-4,10,64,10,101,2025,11,5,16,116.8125,56.5,0,-12.730609378266603,13
20251123_kyoto_12,アンドロメダS,2025-11-23,8,12,11,11番馬,0,5,58.0,11,120.0,36.61860274746382,460,0,11,48,11,81,2025,11,5,16,116.8125,56.5,0,-13.34218764893258,14
20251123_kyoto_12,アンドロメダS,2025-11-23,8,12,14,14番馬,0,4,58.0,14,280.0,37.26711786602255,462,3,14,51,14,105,2025,11,5,16,116.8125,56.5,0,-13.774094574378063,15
20251123_kyoto_12,アンドロメダS,2025-11-23,8,12,16,16番馬,0,5,57.0,16,450.0,37.808887142790375,452,0,16,47,16,90,2025,11,5,16,116.8125,56.5,0,-14.782727974437229,16
20251123_tokyo_01,東京1R,2025-11-23,5,1,3,3番馬,0,3,57.0,3,7.0,34.55797544260817,470,-2,3,63,3,69,2025,11,5,16,116.8125,56.4375,0,-4.576498386004953,1
20251123_tokyo_01,東京1R,2025-11-23,5,1,2,2番馬,2,6,56.0,2,4.5,34.7272998688284,462,4,2,49,2,86,2025,11,5,16,116.8125,56.4375,0,-5.640743282573009,2
20251123_tokyo_01,東京1R,2025-11-23,5,1,5,5番馬,2,6,57.0,5,15.0,34.390688456025536,497,-4,5,54,5,61,2025,11,5,16,116.8125,56.4375,0,-5.6584162228680315,3
20251123_tokyo_01,東京1R,2025-11-23,5,1,1,1番馬,0,7,58.0,1,2.5,36.39463393678815,460,1,1,61,1,61,2025,11,5,16,116.8125,56.4375,0,-5.704235513141641,4
20251123_tokyo_01,東京1R,2025-11-23,5,1,6,6番馬,2,3,57.0,6,20.0,35.246844304357644,486,0,6,56,6,69,2025,11,5,16,116.8125,56.4375,0,-7.338863461023144,5
20251123_tokyo_01,東京1R,2025-11-23,5,1,8,8番馬,0,3,57.0,8,45.0,34.56369689989905,506,-6,8,42,8,109,2025,11,5,16,116.8125,56.4375,0,-8.024518762385792,6
20251123_tokyo_01,東京1R,2025-11-23,5,1,12,12番馬,0,4,57.0,12,160.0,34.10167650697638,457,3,12,40,12,91,2025,11,5,16,116.8125,56.4375,0,-8.786276782554475,7
20251123_tokyo_01,東京1R,2025-11-23,5,1,4,4番馬,0,4,55.0,4,10.0,36.43017940760576,461,-8,4,41,4,107,2025,11,5,16,116.8125,56.4375,0,-10.063311692161822,8
20251123_tokyo_01,東京1R,2025-11-23,5,1,10,10番馬,0,6,57.0,10,90.0,35.3235920994106,454,3,10,49,10,76,2025,11,5,16,116.8125,56.4375,0,-10.664359071200494,9
20251123_tokyo_01,東京1R,2025-11-23,5,1,13,13番馬,0,4,58.0,13,210.0,34.9971689165955,478,-3,13,42,13,74,2025,11,5,16,116.8125,56.4375,0,-10.97548547939893,10
20251123_tokyo_01,東京1R,2025-11-23,5,1,9,9番馬,1,3,54.0,9,65.0,37.26184571381933,499,3,9,42,9,77,2025,11,5,16,116.8125,56.4375,0,-12.614018069789887,11
20251123_tokyo_01,東京1R,2025-11-23,5,1,16,16番馬,1,3,54.0,16,450.0,35.669644012595114,465,-1,16,43,16,76,2025,11,5,16,116.8125,56.4375,0,-12.951519675650443,12
20251123_tokyo_01,東京1R,2025-11-23,5,1,7,7番馬,2,5,58.0,7,30.0,37.5793094017106,491,-4,7,48,7,101,2025,11,5,16,116.8125,56.4375,0,-12.973522212074167,13
20251123_tokyo_01,東京1R,2025-11-23,5,1,11,11番馬,1,5,55.0,11,120.0,35.8888597006478,458,3,11,56,11,98,2025,11,5,16,116.8125,56.4375,0,-13.023173657853446,14
20251123_tokyo_01,東京1R,2025-11-23,5,1,14,14番馬,0,6,58.0,14,280.0,36.533615026041694,511,2,14,64,14,69,2025,11,5,16,116.8125,56.4375,0,-13.662290997129498,15
20251123_tokyo_01,東京1R,2025-11-23,5,1,15,15番馬,1,4,55.0,15,360.0,37.58436519969397,472,-1,15,52,15,100,2025,11,5,16,116.8125,56.4375,0,-15.349032122096215,16
20251123_tokyo_02,東京2R,2025-11-23,5,2,3,3番馬,0,4,58.0,3,7.0,34.968221086046,497,-3,3,61,3,78,2025,11,5,16,116.8125,55.75,0,-4.138565491743865,1
20251123_tokyo_02,東京2R,2025-11-23,5,2,5,5番馬,0,4,57.0,5,15.0,34.06635131571142,485,2,5,45,5,94,2025,11,5,16,116.8125,55.75,0,-5.039070003809126,2
20251123_tokyo_02,東京2R,2025-11-23,5,2,2,2番馬,0,5,57.0,2,4.5,34.20591500499996,469,-6,2,67,2,71,2025,11,5,16,116.8125,55.75,0,-5.479249084204234,3
20251123_tokyo_02,東京2R,2025-11-23,5,2,4,4番馬,1,5,54.0,4,10.0,34.36115908021763,508,3,4,49,4,69,2025,11,5,16,116.8125,55.75,0,-6.0694493063404344,4
20251123_tokyo_02,東京2R,2025-11-23,5,2,1,1番馬,2,4,57.0,1,2.5,36.81207583558072,475,0,1,49,1,74,2025,11,5,16,116.8125,55.75,0,-6.833170181085602,5
20251123_tokyo_02,東京2R,2025-11-23,5,2,12,12番馬,0,4,57.0,12,160.0,34.78097195119218,500,0,12,48,12,61,2025,11,5,16,116.8125,55.75,0,-8.918818941967993,6
20251123_tokyo_02,東京2R,2025-11-23,5,2,6,6番馬,0,6,56.0,6,20.0,35.364265404201035,457,-4,6,67,6,103,2025,11,5,16,116.8125,55.75,0,-9.34563576113677,7
20251123_tokyo_02,東京2R,2025-11-23,5,2,10,10番馬,0,5,56.0,10,90.0,35.30159879263707,502,-4,10,59,10,102,2025,11,5,16,116.8125,55.75,0,-9.96934312537763,8
20251123_tokyo_02,東京2R,2025-11-23,5,2,7,7番馬,0,5,58.0,7,30.0,36.22080324639785,487,-1,7,66,7,105,2025,11,5,16,116.8125,55.75,0,-11.163724267018617,9
20251123_tokyo_02,東京2R,2025-11-23,5,2,11,11番馬,1,4,54.0,11,120.0,35.47086321223773,468,3,11,58,11,99,2025,11,5,16,116.8125,55.75,0,-11.227492812361588,10
20251123_tokyo_02,東京2R,2025-11-23,5,2,8,8番馬,1,4,54.0,8,45.0,36.90382271548096,512,0,8,66,8,98,2025,11,5,16,116.8125,55.75,0,-11.754209492887734,11
20251123_tokyo_02,東京2R,2025-11-23,5,2,15,15番馬,2,5,57.0,15,360.0,34.38870597508308,493,4,15,62,15,94,2025,11,5,16,116.8125,55.75,0,-12.17423529534516,12
20251123_tokyo_02,東京2R,2025-11-23,5,2,9,9番馬,1,3,54.0,9,65.0,37.59421675410832,492,0,9,60,9,92,2025,11,5,16,116.8125,55.75,0,-12.985350891400241,13
20251123_tokyo_02,東京2R,2025-11-23,5,2,13,13番馬,1,3,55.0,13,210.0,37.81571430801035,514,0,13,68,13,108,2025,11,5,16,116.8125,55.75,0,-13.45703258274012,14
20251123_tokyo_02,東京2R,2025-11-23,5,2,16,16番馬,1,4,54.0,16,450.0,37.23744462191405,506,0,16,66,16,105,2025,11,5,16,116.8125,55.75,0,-14.195266669891904,15
20251123_tokyo_02,東京2R,2025-11-23,5,2,14,14番馬,1,3,54.0,14,280.0,37.40454668606743,472,2,14,45,14,87,2025,11,5,16,116.8125,55.75,0,-14.80233001882833,16
20251123_tokyo_03,東京3R,2025-11-23,5,3,1,1番馬,0,4,58.0,1,2.5,36.59985572311106,499,0,1,50,1,78,2025,11,5,16,116.8125,56.8125,0,-5.609510134475733,1
20251123_tokyo_03,東京3R,2025-11-23,5,3,3,3番馬,0,3,58.0,3,7.0,35.44076256564505,458,6,3,46,3,91,2025,11,5,16,116.8125,56.8125,0,-6.22908371577983,2
20251123_tokyo_03,東京3R,2025-11-23,5,3,2,2番馬,0,4,55.0,2,4.5,35.86239207252984,487,0,2,48,2,89,2025,11,5,16,116.8125,56.8125,0,-7.119363063366197,3
20251123_tokyo_03,東京3R,2025-11-23,5,3,5,5番馬,0,4,58.0,5,15.0,35.0833290050483,480,-3,5,45,5,67,2025,11,5,16,116.8125,56.8125,0,-7.156351787042693,4
20251123_tokyo_03,東京3R,2025-11-23,5,3,12,12番馬,0,6,56.0,12,160.0,34.47265931048663,498,0,12,58,12,103,2025,11,5,16,116.8125,56.8125,0,-8.19668523140065,5
20251123_tokyo_03,東京3R,2025-11-23,5,3,11,11番馬,2,6,56.0,11,120.0,34.27744520350066,457,-1,11,49,11,102,2025,11,5,16,116.8125,56.8125,0,-8.999634991481777,6
20251123_tokyo_03,東京3R,2025-11-23,5,3,4,4番馬,0,3,57.0,4,10.0,36.16254048644043,494,0,4,61,4,108,2025,11,5,16,116.8125,56.8125,0,-9.398763110666549,7
20251123_tokyo_03,東京3R,2025-11-23,5,3,8,8番馬,0,3,57.0,8,45.0,35.594018937589496,493,7,8,59,8,62,2025,11,5,16,116.8125,56.8125,0,-9.469402896675955,8
20251123_tokyo_03,東京3R,2025-11-23,5,3,13,13番馬,1,6,54.0,13,210.0,34.70975817511889,502,-7,13,63,13,77,2025,11,5,16,116.8125,56.8125,0,-9.699665050559116,9
20251123_tokyo_03,東京3R,2025-11-23,5,3,7,7番馬,0,5,57.0,7,30.0,34.99092395800463,474,0,7,42,7,84,2025,11,5,16,116.8125,56.8125,0,-9.704465389745014,10
20251123_tokyo_03,東京3R,2025-11-23,5,3,10,10番馬,0,4,57.0,10,90.0,35.83301156196607,488,0,10,68,10,79,2025,11,5,16,116.8125,56.8125,0,-11.784266414350146,11
20251123_tokyo_03,東京3R,2025-11-23,5,3,6,6番馬,0,4,58.0,6,20.0,36.64078950687093,469,6,6,68,6,96,2025,11,5,16,116.8125,56.8125,0,-11.88734480447569,12
20251123_tokyo_03,東京3R,2025-11-23,5,3,16,16番馬,0,5,57.0,16,450.0,35.172843086792255,473,-2,16,60,16,97,2025,11,5,16,116.8125,56.8125,0,-12.952177583594661,13
20251123_tokyo_03,東京3R,2025-11-23,5,3,9,9番馬,0,5,57.0,9,65.0,37.42595936475329,496,0,9,57,9,107,2025,11,5,16,116.8125,56.8125,0,-13.318353811547556,14
20251123_tokyo_03,東京3R,2025-11-23,5,3,14,14番馬,2,6,57.0,14,280.0,37.00348427116599,502,-4,14,43,14,105,2025,11,5,16,116.8125,56.8125,0,-14.482139402316697,15
20251123_tokyo_03,東京3R,2025-11-23,5,3,15,15番馬,0,6,57.0,15,360.0,37.5820929139848,477,-1,15,68,15,107,2025,11,5,16,116.8125,56.8125,0,-15.601113591475652,16
20251123_tokyo_04,東京4R,2025-11-23,5,4,3,3番馬,0,6,58.0,3,7.0,34.3253951225676,455,4,3,68,3,109,2025,11,5,15,94.6,55.93333333333333,0,-4.0424185603891925,1
20251123_tokyo_04,東京4R,2025-11-23,5,4,1,1番馬,1,5,54.0,1,2.5,35.977681218810325,454,-8,1,66,1,77,2025,11,5,15,94.6,55.93333333333333,0,-5.753955599012231,2
20251123_tokyo_04,東京4R,2025-11-23,5,4,6,6番馬,0,3,58.0,6,20.0,34.89438335407781,517,3,6,40,6,108,2025,11,5,15,94.6,55.93333333333333,0,-6.526823364422827,3
20251123_tokyo_04,東京4R,2025-11-23,5,4,2,2番馬,0,3,58.0,2,4.5,36.472872253265045,457,7,2,42,2,95,2025,11,5,15,94.6,55.93333333333333,0,-8.870495437117848,4
20251123_tokyo_04,東京4R,2025-11-23,5,4,12,12番馬,1,3,54.0,12,160.0,35.5058534675122,506,5,12,69,12,67,2025,11,5,15,94.6,55.93333333333333,0,-9.582284216821842,5
20251123_tokyo_04,東京4R,2025-11-23,5,4,4,4番馬,1,4,54.0,4,10.0,37.10858766370975,489,-1,4,52,4,105,2025,11,5,15,94.6,55.93333333333333,0,-10.201911214553714,6
20251123_tokyo_04,東京4R,2025-11-23,5,4,5,5番馬,0,4,55.0,5,15.0,35.87464256797651,453,5,5,57,5,108,2025,11,5,15,94.6,55.93333333333333,0,-10.66966678554519,7
20251123_tokyo_04,東京4R,2025-11-23,5,4,8,8番馬,1,4,54.0,8,45.0,36.3372572476924,513,0,8,41,8,74,2025,11,5,15,94.6,55.93333333333333,0,-10.834290661433931,8
20251123_tokyo_04,東京4R,2025-11-23,5,4,15,15番馬,1,3,54.0,15,360.0,34.51663766060598,516,-5,15,60,15,90,2025,11,5,15,94.6,55.93333333333333,0,-11.43180997465209,9
20251123_tokyo_04,東京4R,2025-11-23,5,4,11,11番馬,1,3,55.0,11,120.0,37.29014897169267,516,2,11,52,11,106,2025,11,5,15,94.6,55.93333333333333,0,-13.136334624454987,10
20251123_tokyo_04,東京4R,2025-11-23,5,4,10,10番馬,0,7,58.0,10,90.0,36.79264685607898,487,-5,10,49,10,100,2025,11,5,15,94.6,55.93333333333333,0,-13.31038637640233,11
20251123_tokyo_04,東京4R,2025-11-23,5,4,7,7番馬,0,6,57.0,7,30.0,37.9718591844772,455,1,7,55,7,91,2025,11,5,15,94.6,55.93333333333333,0,-13.444015300931085,12
20251123_tokyo_04,東京4R,2025-11-23,5,4,13,13番馬,0,4,58.0,13,210.0,37.36847569254284,508,-9,13,48,13,62,2025,11,5,15,94.6,55.93333333333333,0,-13.51308475968884,13
20251123_tokyo_04,東京4R,2025-11-23,5,4,9,9番馬,2,6,57.0,9,65.0,36.48053039120615,469,0,9,50,9,89,2025,11,5,15,94.6,55.93333333333333,0,-14.30564066439482,14
20251123_tokyo_04,東京4R,2025-11-23,5,4,14,14番馬,1,6,55.0,14,280.0,37.98654734829562,488,-3,14,63,14,107,2025,11,5,15,94.6,55.93333333333333,0,-15.123300026883227,15
20251123_tokyo_05,東京5R,2025-11-23,5,5,1,1番馬,0,3,57.0,1,2.5,36.08123080361517,504,2,1,55,1,102,2025,11,5,14,75.64285714285714,56.642857142857146,0,-5.583251119724933,1
20251123_tokyo_05,東京5R,2025-11-23,5,5,3,3番馬,0,4,57.0,3,7.0,35.56897618039893,480,3,3,67,3,77,2025,11,5,14,75.64285714285714,56.642857142857146,0,-6.542016921996722,2
20251123_tokyo_05,東京5R,2025-11-23,5,5,2,2番馬,0,4,58.0,2,4.5,35.613931464849585,459,5,2,46,2,66,2025,11,5,14,75.64285714285714,56.642857142857146,0,-6.777098962124454,3
20251123_tokyo_05,東京5R,2025-11-23,5,5,7,7番馬,0,3,55.0,7,30.0,34.675740252288655,469,-1,7,45,7,64,2025,11,5,14,75.64285714285714,56.642857142857146,0,-8.67275616495266,4
20251123_tokyo_05,東京5R,2025-11-23,5,5,9,9番馬,0,6,58.0,9,65.0,34.24431183941945,469,0,9,64,9,97,2025,11,5,14,75.64285714285714,56.642857142857146,0,-9.504804319241881,5
20251123_tokyo_05,東京5R,2025-11-23,5,5,8,8番馬,0,4,56.0,8,45.0,35.4570794441923,485,0,8,63,8,91,2025,11,5,14,75.64285714285714,56.642857142857146,0,-9.630837457593167,6
20251123_tokyo_05,東京5R,2025-11-23,5,5,6,6番馬,0,3,56.0,6,20.0,36.56349897921286,462,2,6,54,6,93,2025,11,5,14,75.64285714285714,56.642857142857146,0,-11.096934489200926,7
20251123_tokyo_05,東京5R,2025-11-23,5,5,12,12番馬,0,3,56.0,12,160.0,35.50913665241849,451,-4,12,49,12,65,2025,11,5,14,75.64285714285714,56.642857142857146,0,-11.256569878085443,8
20251123_tokyo_05,東京5R,2025-11-23,5,5,4,4番馬,0,5,57.0,4,10.0,36.48834680091149,510,0,4,47,4,82,2025,11,5,14,75.64285714285714,56.642857142857146,0,-11.79902779711242,9
20251123_tokyo_05,東京5R,2025-11-23,5,5,10,10番馬,0,3,57.0,10,90.0,35.93809194076408,493,-2,10,62,10,61,2025,11,5,14,75.64285714285714,56.642857142857146,0,-12.202096672467652,10
20251123_tokyo_05,東京5R,2025-11-23,5,5,5,5番馬,2,4,57.0,5,15.0,36.5336034172669,466,3,5,42,5,66,2025,11,5,14,75.64285714285714,56.642857142857146,0,-12.360304229768417,11
20251123_tokyo_05,東京5R,2025-11-23,5,5,14,14番馬,0,5,57.0,14,280.0,34.51032121118226,469,5,14,57,14,77,2025,11,5,14,75.64285714285714,56.642857142857146,0,-12.592143882128896,12
20251123_tokyo_05,東京5R,2025-11-23,5,5,11,11番馬,0,5,58.0,11,120.0,36.04670976846266,487,-8,11,43,11,82,2025,11,5,14,75.64285714285714,56.642857142857146,0,-12.666231015115722,13
20251123_tokyo_05,東京5R,2025-11-23,5,5,13,13番馬,1,4,54.0,13,210.0,37.15668495442935,484,-2,13,42,13,86,2025,11,5,14,75.64285714285714,56.642857142857146,0,-14.225196897074484,14
20251123_tokyo_06,東京6R,2025-11-23,5,6,1,1番馬,2,5,56.0,1,2.5,34.40712989048161,460,-5,1,47,1,68,2025,11,5,16,116.8125,56.3125,0,-3.339644036335572,1
20251123_tokyo_06,東京6R,2025-11-23,5,6,6,6番馬,0,3,57.0,6,20.0,34.537658707755895,454,-2,6,60,6,98,2025,11,5,16,116.8125,56.3125,0,-5.873693649144269,2
20251123_tokyo_06,東京6R,2025-11-23,5,6,4,4番馬,2,4,57.0,4,10.0,35.119916374641136,503,-2,4,52,4,85,2025,11,5,16,116.8125,56.3125,0,-6.9400412241784775,3
20251123_tokyo_06,東京6R,2025-11-23,5,6,5,5番馬,0,3,57.0,5,15.0,35.15452221296103,490,-4,5,44,5,84,2025,11,5,16,116.8125,56.3125,0,-7.054123530709524,4
20251123_tokyo_06,東京6R,2025-11-23,5,6,9,9番馬,1,3,54.0,9,65.0,34.65706319172397,507,6,9,59,9,86,2025,11,5,16,116.8125,56.3125,0,-8.79568913860972,5
20251123_tokyo_06,東京6R,2025-11-23,5,6,3,3番馬,0,7,58.0,3,7.0,37.26828828379712,468,2,3,45,3,93,2025,11,5,16,116.8125,56.3125,0,-9.192276499148607,6
20251123_tokyo_06,東京6R,2025-11-23,5,6,7,7番馬,0,4,57.0,7,30.0,35.39547306617198,515,3,7,64,7,108,2025,11,5,16,116.8125,56.3125,0,-9.421755766696378,7
20251123_tokyo_06,東京6R,2025-11-23,5,6,2,2番馬,0,3,56.0,2,4.5,37.5870616985057,455,-10,2,69,2,65,2025,11,5,16,116.8125,56.3125,0,-9.509724945808127,8
20251123_tokyo_06,東京6R,2025-11-23,5,6,8,8番馬,0,5,58.0,8,45.0,34.72493226466264,454,1,8,65,8,66,2025,11,5,16,116.8125,56.3125,0,-9.857297478610649,9
20251123_tokyo_06,東京6R,2025-11-23,5,6,13,13番馬,1,3,54.0,13,210.0,34.99395655925786,502,4,13,41,13,88,2025,11,5,16,116.8125,56.3125,0,-10.02028687812448,10
20251123_tokyo_06,東京6R,2025-11-23,5,6,11,11番馬,0,3,58.0,11,120.0,35.535564885492846,488,-8,11,67,11,91,2025,11,5,16,116.8125,56.3125,0,-10.175805345521994,11
20251123_tokyo_06,東京6R,2025-11-23,5,6,12,12番馬,0,6,57.0,12,160.0,35.33962245862834,459,2,12,56,12,104,2025,11,5,16,116.8125,56.3125,0,-10.309949349844748,12
20251123_tokyo_06,東京6R,2025-11-23,5,6,16,16番馬,0,6,57.0,16,450.0,35.60340566705456,482,0,16,58,16,60,2025,11,5,16,116.8125,56.3125,0,-12.138985464987702,13
20251123_tokyo_06,東京6R,2025-11-23,5,6,10,10番馬,0,6,57.0,10,90.0,37.26639775788631,480,-2,10,49,10,97,2025,11,5,16,116.8125,56.3125,0,-13.735194513433344,14
20251123_tokyo_06,東京6R,2025-11-23,5,6,14,14番馬,1,6,54.0,14,280.0,37.28502921868805,457,5,14,44,14,71,2025,11,5,16,116.8125,56.3125,0,-14.453538296807166,15
20251123_tokyo_06,東京6R,2025-11-23,5,6,15,15番馬,1,5,54.0,15,360.0,36.7757937778684,487,-1,15,47,15,77,2025,11,5,16,116.8125,56.3125,0,-14.49285512664453,16
20251123_tokyo_07,東京7R,2025-11-23,5,7,4,4番馬,0,4,58.0,4,10.0,34.018528092018414,473,3,4,67,4,77,2025,11,5,14,75.64285714285714,56.0,0,-5.663872175322225,1
20251123_tokyo_07,東京7R,2025-11-23,5,7,1,1番馬,1,6,54.0,1,2.5,36.78660329550757,514,10,1,61,1,67,2025,11,5,14,75.64285714285714,56.0,0,-6.578898145534013,2
20251123_tokyo_07,東京7R,2025-11-23,5,7,5,5番馬,0,5,57.0,5,15.0,34.89841929175993,481,-9,5,44,5,68,2025,11,5,14,75.64285714285714,56.0,0,-7.879571087883865,3
20251123_tokyo_07,東京7R,2025-11-23,5,7,6,6番馬,0,4,58.0,6,20.0,35.44957559646653,490,-4,6,68,6,67,2025,11,5,14,75.64285714285714,56.0,0,-8.36147102947533,4
20251123_tokyo_07,東京7R,2025-11-23,5,7,10,10番馬,1,6,54.0,10,90.0,35.082978692574216,495,-1,10,44,10,95,2025,11,5,14,75.64285714285714,56.0,0,-8.601955941122451,5
20251123_tokyo_07,東京7R,2025-11-23,5,7,11,11番馬,1,3,54.0,11,120.0,34.924299186352286,497,0,11,40,11,65,2025,11,5,14,75.64285714285714,56.0,0,-8.829357316404401,6
20251123_tokyo_07,東京7R,2025-11-23,5,7,3,3番馬,1,3,55.0,3,7.0,37.479585448248514,486,3,3,57,3,79,2025,11,5,14,75.64285714285714,56.0,0,-9.348244948397854,7
20251123_tokyo_07,東京7R,2025-11-23,5,7,8,8番馬,0,6,56.0,8,45.0,34.762750882654665,452,10,8,41,8,98,2025,11,5,14,75.64285714285714,56.0,0,-9.482109292406948,8
20251123_tokyo_07,東京7R,2025-11-23,5,7,12,12番馬,1,3,54.0,12,160.0,34.952731124186904,456,3,12,65,12,101,2025,11,5,14,75.64285714285714,56.0,0,-9.603436735716777,9
20251123_tokyo_07,東京7R,2025-11-23,5,7,2,2番馬,0,5,57.0,2,4.5,36.94577694249889,515,0,2,43,2,109,2025,11,5,14,75.64285714285714,56.0,0,-9.640953172415106,10
20251123_tokyo_07,東京7R,2025-11-23,5,7,13,13番馬,0,5,56.0,13,210.0,35.172590921044055,512,-3,13,40,13,64,2025,11,5,14,75.64285714285714,56.0,0,-10.741865137819174,11
20251123_tokyo_07,東京7R,2025-11-23,5,7,7,7番馬,0,3,58.0,7,30.0,36.00878004132497,491,2,7,42,7,97,2025,11,5,14,75.64285714285714,56.0,0,-10.941483945276975,12
20251123_tokyo_07,東京7R,2025-11-23,5,7,9,9番馬,0,4,57.0,9,65.0,35.6030522435013,489,-4,9,44,9,69,2025,11,5,14,75.64285714285714,56.0,0,-11.111135812724124,13
20251123_tokyo_07,東京7R,2025-11-23,5,7,14,14番馬,0,3,56.0,14,280.0,36.33216624387877,479,-4,14,51,14,89,2025,11,5,14,75.64285714285714,56.0,0,-13.738197767704701,14
20251123_tokyo_08,東京8R,2025-11-23,5,8,3,3番馬,0,5,56.0,3,7.0,34.557424296291295,508,5,3,69,3,86,2025,11,5,16,116.8125,55.1875,0,-4.571056042598028,1
20251123_tokyo_08,東京8R,2025-11-23,5,8,1,1番馬,0,5,57.0,1,2.5,36.20818872340792,480,-3,1,48,1,107,2025,11,5,16,116.8125,55.1875,0,-5.6119156753093975,2
20251123_tokyo_08,東京8R,2025-11-23,5,8,5,5番馬,1,3,54.0,5,15.0,34.54754252027523,513,2,5,66,5,89,2025,11,5,16,116.8125,55.1875,0,-5.960055700611393,3
20251123_tokyo_08,東京8R,2025-11-23,5,8,2,2番馬,1,3,55.0,2,4.5,35.949724792998055,512,-1,2,40,2,73,2025,11,5,16,116.8125,55.1875,0,-7.404462498296401,4
20251123_tokyo_08,東京8R,2025-11-23,5,8,7,7番馬,1,3,54.0,7,30.0,34.981396438725284,477,-9,7,48,7,77,2025,11,5,16,116.8125,55.1875,0,-8.768794219380412,5
20251123_tokyo_08,東京8R,2025-11-23,5,8,13,13番馬,1,3,54.0,13,210.0,34.88483776727841,519,2,13,68,13,61,2025,11,5,16,116.8125,55.1875,0,-10.21296614068691,6
20251123_tokyo_08,東京8R,2025-11-23,5,8,11,11番馬,1,3,54.0,11,120.0,35.44389558776011,456,-1,11,67,11,66,2025,11,5,16,116.8125,55.1875,0,-10.336718380738484,7
20251123_tokyo_08,東京8R,2025-11-23,5,8,8,8番馬,1,3,54.0,8,45.0,35.9042016087964,496,0,8,46,8,61,2025,11,5,16,116.8125,55.1875,0,-10.666860846864093,8
20251123_tokyo_08,東京8R,2025-11-23,5,8,12,12番馬,2,4,56.0,12,160.0,36.16760378951344,511,3,12,59,12,94,2025,11,5,16,116.8125,55.1875,0,-11.743165180055998,9
20251123_tokyo_08,東京8R,2025-11-23,5,8,9,9番馬,0,4,55.0,9,65.0,35.98546498880494,491,0,9,50,9,98,2025,11,5,16,116.8125,55.1875,0,-11.920258949388943,10
20251123_tokyo_08,東京8R,2025-11-23,5,8,4,4番馬,0,3,55.0,4,10.0,37.657195226242,458,-6,4,56,4,92,2025,11,5,16,116.8125,55.1875,0,-12.09358684019218,11
20251123_tokyo_08,東京8R,2025-11-23,5,8,15,15番馬,0,6,58.0,15,360.0,35.27640189297302,508,0,15,41,15,89,2025,11,5,16,116.8125,55.1875,0,-12.15882227165971,12
20251123_tokyo_08,東京8R,2025-11-23,5,8,10,10番馬,0,3,58.0,10,90.0,35.981965264824794,498,-6,10,64,10,99,2025,11,5,16,116.8125,55.1875,0,-12.370766908625317,13
20251123_tokyo_08,東京8R,2025-11-23,5,8,6,6番馬,1,5,54.0,6,20.0,37.65764778369984,479,1,6,41,6,68,2025,11,5,16,116.8125,55.1875,0,-12.971204799123067,14
20251123_tokyo_08,東京8R,2025-11-23,5,8,14,14番馬,1,6,54.0,14,280.0,36.27178092221052,514,1,14,69,14,107,2025,11,5,16,116.8125,55.1875,0,-13.086404420991073,15
20251123_tokyo_08,東京8R,2025-11-23,5,8,16,16番馬,0,3,55.0,16,450.0,36.78515510351256,473,-1,16,49,16,86,2025,11,5,16,116.8125,55.1875,0,-14.2280637605713,16
20251123_tokyo_09,東京9R,2025-11-23,5,9,1,1番馬,1,4,54.0,1,2.5,37.543910992944745,493,0,1,46,1,61,2025,11,5,16,116.8125,55.625,0,-6.163640797749921,1
20251123_tokyo_09,東京9R,2025-11-23,5,9,6,6番馬,1,3,55.0,6,20.0,34.92668680553378,515,4,6,55,6,71,2025,11,5,16,116.8125,55.625,0,-6.684304913028132,2
20251123_tokyo_09,東京9R,2025-11-23,5,9,2,2番馬,1,3,55.0,2,4.5,36.115748536108846,515,4,2,52,2,83,2025,11,5,16,116.8125,55.625,0,-7.696440598570308,3
20251123_tokyo_09,東京9R,2025-11-23,5,9,4,4番馬,0,3,57.0,4,10.0,35.14895596661633,470,-7,4,60,4,70,2025,11,5,16,116.8125,55.625,0,-7.96356904741833,4
20251123_tokyo_09,東京9R,2025-11-23,5,9,8,8番馬,1,6,55.0,8,45.0,34.69558099687795,477,3,8,44,8,100,2025,11,5,16,116.8125,55.625,0,-9.020907074576959,5
20251123_tokyo_09,東京9R,2025-11-23,5,9,3,3番馬,1,6,55.0,3,7.0,37.07309365545808,479,-2,3,52,3,96,2025,11,5,16,116.8125,55.625,0,-9.107461646063143,6
20251123_tokyo_09,東京9R,2025-11-23,5,9,5,5番馬,2,5,55.0,5,15.0,35.670323103139715,511,-4,5,68,5,83,2025,11,5,16,116.8125,55.625,0,-9.48718317244202,7
20251123_tokyo_09,東京9R,2025-11-23,5,9,16,16番馬,1,4,54.0,16,450.0,35.148152532699655,493,0,16,47,16,91,2025,11,5,16,116.8125,55.625,0,-11.65874690855214,8
20251123_tokyo_09,東京9R,2025-11-23,5,9,15,15番馬,0,6,56.0,15,360.0,35.340475417036565,502,1,15,44,15,100,2025,11,5,16,116.8125,55.625,0,-11.89756868664542,9
20251123_tokyo_09,東京9R,2025-11-23,5,9,12,12番馬,1,3,55.0,12,160.0,35.980586108055896,483,4,12,50,12,93,2025,11,5,16,116.8125,55.625,0,-11.970980049119666,10
20251123_tokyo_09,東京9R,2025-11-23,5,9,7,7番馬,0,3,56.0,7,30.0,37.118337894267015,474,6,7,41,7,108,2025,11,5,16,116.8125,55.625,0,-12.646721921794857,11
20251123_tokyo_09,東京9R,2025-11-23,5,9,9,9番馬,0,3,57.0,9,65.0,36.371759739366816,490,4,9,42,9,103,2025,11,5,16,116.8125,55.625,0,-12.76762727746008,12
20251123_tokyo_09,東京9R,2025-11-23,5,9,11,11番馬,0,4,56.0,11,120.0,36.89368045475434,484,4,11,42,11,71,2025,11,5,16,116.8125,55.625,0,-13.17502041101303,13
20251123_tokyo_09,東京9R,2025-11-23,5,9,13,13番馬,0,3,58.0,13,210.0,37.18970408642771,496,1,13,65,13,103,2025,11,5,16,116.8125,55.625,0,-13.573340422740534,14
20251123_tokyo_09,東京9R,2025-11-23,5,9,10,10番馬,0,3,58.0,10,90.0,37.822605992919016,510,2,10,56,10,64,2025,11,5,16,116.8125,55.625,0,-13.934225998784212,15
20251123_tokyo_09,東京9R,2025-11-23,5,9,14,14番馬,1,6,54.0,14,280.0,36.7205630870412,493,-2,14,66,14,103,2025,11,5,16,116.8125,55.625,0,-13.953833906246016,16
20251123_tokyo_10,キャピタルS,2025-11-23,5,10,3,3番馬,0,4,57.0,3,7.0,34.18296813525005,511,-1,3,69,3,108,2025,11,5,16,116.8125,55.9375,0,-3.3383702449679737,1
20251123_tokyo_10,キャピタルS,2025-11-23,5,10,4,4番馬,1,3,55.0,4,10.0,34.098347665835206,451,0,4,63,4,94,2025,11,5,16,116.8125,55.9375,0,-5.629390470192592,2
20251123_tokyo_10,キャピタルS,2025-11-23,5,10,1,1番馬,0,5,56.0,1,2.5,37.04411161000811,487,0,1,68,1,77,2025,11,5,16,116.8125,55.9375,0,-5.681649819962862,3
20251123_tokyo_10,キャピタルS,2025-11-23,5,10,11,11番馬,0,3,57.0,11,120.0,35.07597361774039,505,-3,11,49,11,82,2025,11,5,16,116.8125,55.9375,0,-8.655527583518257,4
20251123_tokyo_10,キャピタルS,2025-11-23,5,10,5,5番馬,0,3,58.0,5,15.0,35.70472520894389,481,-8,5,44,5,99,2025,11,5,16,116.8125,55.9375,0,-9.101442325743843,5
20251123_tokyo_10,キャピタルS,2025-11-23,5,10,8,8番馬,0,3,57.0,8,45.0,35.474105374895046,510,2,8,45,8,103,2025,11,5,16,116.8125,55.9375,0,-9.183619938773042,6
20251123_tokyo_10,キャピタルS,2025-11-23,5,10,2,2番馬,1,6,54.0,2,4.5,37.748913948945805,498,0,2,61,2,63,2025,11,5,16,116.8125,55.9375,0,-9.694595227490296,7
20251123_tokyo_10,キャピタルS,2025-11-23,5,10,13,13番馬,0,4,56.0,13,210.0,34.96818006345011,519,-4,13,44,13,84,2025,11,5,16,116.8125,55.9375,0,-9.974883515465587,8
20251123_tokyo_10,キャピタルS,2025-11-23,5,10,6,6番馬,1,3,54.0,6,20.0,36.72199720829885,495,0,6,68,6,80,2025,11,5,16,116.8125,55.9375,0,-10.1683707514016,9
20251123_tokyo_10,キャピタルS,2025-11-23,5,10,12,12番馬,0,3,57.0,12,160.0,35.91975533886849,492,4,12,65,12,98,2025,11,5,16,116.8125,55.9375,0,-10.56981432825318,10
20251123_tokyo_10,キャピタルS,2025-11-23,5,10,14,14番馬,1,5,54.0,14,280.0,34.03908338967673,472,-3,14,50,14,61,2025,11,5,16,116.8125,55.9375,0,-11.652550352126626,11
20251123_tokyo_10,キャピタルS,2025-11-23,5,10,7,7番馬,1,4,54.0,7,30.0,37.93591059183931,478,-4,7,66,7,71,2025,11,5,16,116.8125,55.9375,0,-12.324926614393707,12
20251123_tokyo_10,キャピタルS,2025-11-23,5,10,9,9番馬,1,5,55.0,9,65.0,37.044095963772,493,0,9,43,9,61,2025,11,5,16,116.8125,55.9375,0,-12.621831138522257,13
20251123_tokyo_10,キャピタルS,2025-11-23,5,10,15,15番馬,0,4,56.0,15,360.0,36.27016339304623,498,0,15,64,15,70,2025,11,5,16,116.8125,55.9375,0,-12.881213001872208,14
20251123_tokyo_10,キャピタルS,2025-11-23,5,10,10,10番馬,2,5,58.0,10,90.0,35.9260894060502,458,1,10,52,10,70,2025,11,5,16,116.8125,55.9375,0,-13.521473560735535,15
20251123_tokyo_10,キャピタルS,2025-11-23,5,10,16,16番馬,0,3,57.0,16,450.0,36.82590290594761,452,7,16,66,16,95,2025,11,5,16,116.8125,55.9375,0,-14.315456591505283,16
20251123_tokyo_11,ジャパンカップ,2025-11-23,5,11,1,イクイノックス,0,5,58.0,1,2.5,34.5,520,0,1,80,1,120,2025,11,5,18,67.33888888888889,57.77777777777778,1,-2.551283426011867,1
20251123_tokyo_11,ジャパンカップ,2025-11-23,5,11,3,ジャスティンパレス,0,5,58.0,3,6.8,35.0,480,-3,3,74,3,112,2025,11,5,18,67.33888888888889,57.77777777777778,1,-4.609300014078092,2
20251123_tokyo_11,ジャパンカップ,2025-11-23,5,11,2,ドウデュース,0,4,58.0,2,4.2,34.8,496,2,2,77,2,116,2025,11,5,18,67.33888888888889,57.77777777777778,1,-4.780163967098591,3
20251123_tokyo_11,ジャパンカップ,2025-11-23,5,11,4,タイトルホルダー,0,5,58.0,4,8.5,35.2,508,5,4,71,4,108,2025,11,5,18,67.33888888888889,57.77777777777778,1,-6.585603787450211,4
20251123_tokyo_11,ジャパンカップ,2025-11-23,5,11,6,ディープボンド,0,6,58.0,6,15.8,35.8,502,1,6,65,6,100,2025,11,5,18,67.33888888888889,57.77777777777778,1,-8.35013909479003,5
20251123_tokyo_11,ジャパンカップ,2025-11-23,5,11,5,スターズオンアース,0,4,58.0,5,12.3,35.5,490,-2,5,68,5,104,2025,11,5,18,67.33888888888889,57.77777777777778,1,-9.007282546130128,6
20251123_tokyo_11,ジャパンカップ,2025-11-23,5,11,7,ヴェラアズール,1,4,56.0,7,20.4,35.3,458,3,7,62,7,96,2025,11,5,18,67.33888888888889,57.77777777777778,1,-9.954069133778283,7
20251123_tokyo_11,ジャパンカップ,2025-11-23,5,11,8,リバティアイランド,1,4,56.0,8,25.6,35.6,462,-1,8,59,8,92,2025,11,5,18,67.33888888888889,57.77777777777778,1,-10.691062425093898,8
20251123_tokyo_11,ジャパンカップ,2025-11-23,5,11,9,パンサラッサ,0,6,58.0,9,32.8,36.0,472,2,9,56,9,88,2025,11,5,18,67.33888888888889,57.77777777777778,1,-12.07992879841752,9
20251123_tokyo_11,ジャパンカップ,2025-11-23,5,11,10,アスクビクターモア,0,7,58.0,10,45.2,36.2,485,-4,10,53,10,84,2025,11,5,18,67.33888888888889,57.77777777777778,1,-12.5478074978849,10
20251123_tokyo_11,ジャパンカップ,2025-11-23,5,11,12,シュヴァルグラン,0,6,58.0,12,68.4,36.8,510,-2,12,47,12,76,2025,11,5,18,67.33888888888889,57.77777777777778,1,-13.505211281612898,11
20251123_tokyo_11,ジャパンカップ,2025-11-23,5,11,13,キセキ,0,6,58.0,13,85.6,37.0,488,3,13,44,13,72,2025,11,5,18,67.33888888888889,57.77777777777778,1,-14.035238268652813,12
20251123_tokyo_11,ジャパンカップ,2025-11-23,5,11,11,エピファネイア,0,5,58.0,11,52.3,36.5,495,0,11,50,11,80,2025,11,5,18,67.33888888888889,57.77777777777778,1,-14.051453310098093,13
20251123_tokyo_11,ジャパンカップ,2025-11-23,5,11,14,ワグネリアン,0,5,58.0,14,102.3,37.2,492,1,14,41,14,68,2025,11,5,18,67.33888888888889,57.77777777777778,1,-14.724656166671137,14
20251123_tokyo_11,ジャパンカップ,2025-11-23,5,11,16,ミッキーブリランテ,0,6,58.0,16,156.8,37.8,486,2,16,35,16,60,2025,11,5,18,67.33888888888889,57.77777777777778,1,-14.79583322055633,15
20251123_tokyo_11,ジャパンカップ,2025-11-23,5,11,17,サートゥルナーリア,0,5,58.0,17,198.5,38.0,494,0,17,32,17,56,2025,11,5,18,67.33888888888889,57.77777777777778,1,-15.127225243907292,16
20251123_tokyo_11,ジャパンカップ,2025-11-23,5,11,15,ブラストワンピース,0,6,58.0,15,128.5,37.5,498,-1,15,38,15,64,2025,11,5,18,67.33888888888889,57.77777777777778,1,-15.176525707578305,17
20251123_tokyo_11,ジャパンカップ,2025-11-23,5,11,18,フィエールマン,0,7,58.0,18,245.6,38.2,500,-3,18,30,18,52,2025,11,5,18,67.33888888888889,57.77777777777778,1,-15.853274182069327,18
20251123_tokyo_12,ノエル賞,2025-11-23,5,12,1,1番馬,1,4,55.0,1,2.5,34.3204593855387,512,1,1,56,1,100,2025,11,5,16,116.8125,56.5,0,-2.1158645801442746,1
20251123_tokyo_12,ノエル賞,2025-11-23,5,12,3,3番馬,0,4,58.0,3,7.0,34.91381896532519,519,-2,3,69,3,92,2025,11,5,16,116.8125,56.5,0,-4.237748082702665,2
20251123_tokyo_12,ノエル賞,2025-11-23,5,12,4,4番馬,0,5,55.0,4,10.0,34.12261000882322,468,4,4,61,4,97,2025,11,5,16,116.8125,56.5,0,-5.670289586111581,3
20251123_tokyo_12,ノエル賞,2025-11-23,5,12,8,8番馬,0,3,58.0,8,45.0,34.72390781083796,509,-6,8,66,8,82,2025,11,5,16,116.8125,56.5,0,-8.057021790772541,4
20251123_tokyo_12,ノエル賞,2025-11-23,5,12,10,10番馬,1,4,55.0,10,90.0,34.5234946428734,517,-6,10,42,10,68,2025,11,5,16,116.8125,56.5,0,-8.60428007453417,5
20251123_tokyo_12,ノエル賞,2025-11-23,5,12,2,2番馬,0,5,57.0,2,4.5,36.92635808702133,455,-4,2,63,2,92,2025,11,5,16,116.8125,56.5,0,-8.731200865953829,6
20251123_tokyo_12,ノエル賞,2025-11-23,5,12,6,6番馬,0,5,57.0,6,20.0,37.49369295232664,513,-6,6,57,6,105,2025,11,5,16,116.8125,56.5,0,-9.721072891267413,7
20251123_tokyo_12,ノエル賞,2025-11-23,5,12,9,9番馬,0,4,57.0,9,65.0,34.65409549034009,477,0,9,69,9,72,2025,11,5,16,116.8125,56.5,0,-10.200225898287002,8
20251123_tokyo_12,ノエル賞,2025-11-23,5,12,7,7番馬,0,5,57.0,7,30.0,36.932452089661126,459,-2,7,61,7,105,2025,11,5,16,116.8125,56.5,0,-10.817907448294797,9
20251123_tokyo_12,ノエル賞,2025-11-23,5,12,13,13番馬,1,3,54.0,13,210.0,35.07899844606796,453,0,13,55,13,106,2025,11,5,16,116.8125,56.5,0,-10.92009858062767,10
20251123_tokyo_12,ノエル賞,2025-11-23,5,12,12,12番馬,0,3,55.0,12,160.0,36.945608060262565,496,4,12,64,12,89,2025,11,5,16,116.8125,56.5,0,-10.983474842510565,11
20251123_tokyo_12,ノエル賞,2025-11-23,5,12,16,16番馬,0,5,56.0,16,450.0,34.119894359490715,471,-3,16,60,16,108,2025,11,5,16,116.8125,56.5,0,-11.550538624873509,12
20251123_tokyo_12,ノエル賞,2025-11-23,5,12,5,5番馬,0,4,57.0,5,15.0,37.95059825494423,452,0,5,66,5,88,2025,11,5,16,116.8125,56.5,0,-11.697377577200118,13
20251123_tokyo_12,ノエル賞,2025-11-23,5,12,11,11番馬,0,4,58.0,11,120.0,35.72355009464722,467,-1,11,58,11,95,2025,11,5,16,116.8125,56.5,0,-11.83136441782861,14
20251123_tokyo_12,ノエル賞,2025-11-23,5,12,15,15番馬,2,3,58.0,15,360.0,36.556479751262,510,0,15,53,15,85,2025,11,5,16,116.8125,56.5,0,-13.675669172659491,15
20251123_tokyo_12,ノエル賞,2025-11-23,5,12,14,14番馬,0,3,57.0,14,280.0,37.73550007011162,472,-2,14,44,14,109,2025,11,5,16,116.8125,56.5,0,-14.570741061779362,16
