race_id,race_date,venue_name,track_type,track_condition,weather,distance,grade,race_name,finish_position,frame_number,horse_number,horse_name,horse_id,age,sex,weight,jockey_name,time_seconds,odds
jra_2010_フェブラリーステークス_東京,2010-02-01,東京,芝,良,晴,1600,G1,フェブラリーステークス,1,0,4,エスポワールシチー,jra_エスポワールシチー_2010,4,M,57.0,,0.0,35.6
jra_2010_フェブラリーステークス_東京,2010-02-01,東京,芝,良,晴,1600,G1,フェブラリーステークス,2,0,3,テスタマッタ,jra_テスタマッタ_2010,4,M,57.0,,0.0,35.5
jra_2010_フェブラリーステークス_東京,2010-02-01,東京,芝,良,晴,1600,G1,フェブラリーステークス,3,0,6,サクセスブロッケン,jra_サクセスブロッケン_2010,4,M,57.0,,0.0,36.5
jra_2010_フェブラリーステークス_東京,2010-02-01,東京,芝,良,晴,1600,G1,フェブラリーステークス,4,0,2,ケイアイテンジン,jra_ケイアイテンジン_2010,4,M,57.0,,0.0,37.3
jra_2010_フェブラリーステークス_東京,2010-02-01,東京,芝,良,晴,1600,G1,フェブラリーステークス,5,0,12,グロリアスノア,jra_グロリアスノア_2010,4,M,57.0,,0.0,37.0
jra_2010_フェブラリーステークス_東京,2010-02-01,東京,芝,良,晴,1600,G1,フェブラリーステークス,6,0,1,ダイショウジェット,jra_ダイショウジェット_2010,4,M,57.0,,0.0,37.5
jra_2010_フェブラリーステークス_東京,2010-02-01,東京,芝,良,晴,1600,G1,フェブラリーステークス,7,0,13,ローレルゲレイロ,jra_ローレルゲレイロ_2010,4,M,57.0,,0.0,37.9
jra_2010_フェブラリーステークス_東京,2010-02-01,東京,芝,良,晴,1600,G1,フェブラリーステークス,8,0,7,トーセンブライト,jra_トーセンブライト_2010,4,M,57.0,,0.0,37.3
jra_2010_フェブラリーステークス_東京,2010-02-01,東京,芝,良,晴,1600,G1,フェブラリーステークス,9,0,11,スーニ,jra_スーニ_2010,4,M,57.0,,0.0,37.1
jra_2010_フェブラリーステークス_東京,2010-02-01,東京,芝,良,晴,1600,G1,フェブラリーステークス,10,0,14,リーチザクラウン,jra_リーチザクラウン_2010,4,M,57.0,,0.0,37.8
jra_2010_フェブラリーステークス_東京,2010-02-01,東京,芝,良,晴,1600,G1,フェブラリーステークス,11,0,15,ミリオンディスク,jra_ミリオンディスク_2010,4,M,57.0,,0.0,37.7
jra_2010_フェブラリーステークス_東京,2010-02-01,東京,芝,良,晴,1600,G1,フェブラリーステークス,12,0,8,レッドスパーダ,jra_レッドスパーダ_2010,4,M,57.0,,0.0,39.0
jra_2010_フェブラリーステークス_東京,2010-02-01,東京,芝,良,晴,1600,G1,フェブラリーステークス,13,0,16,ワイルドワンダー,jra_ワイルドワンダー_2010,4,M,57.0,,0.0,38.3
jra_2010_フェブラリーステークス_東京,2010-02-01,東京,芝,良,晴,1600,G1,フェブラリーステークス,14,0,9,ザレマ,jra_ザレマ_2010,4,F,55.0,,0.0,39.3
jra_2010_フェブラリーステークス_東京,2010-02-01,東京,芝,良,晴,1600,G1,フェブラリーステークス,15,0,5,スーパーホーネット,jra_スーパーホーネット_2010,4,M,57.0,,0.0,41.9
jra_2011_フェブラリーステークス_東京,2011-02-01,東京,ダート,良,曇,1600,G1,フェブラリーステークス,1,0,12,トランセンド,jra_トランセンド_2011,4,M,57.0,,0.0,36.3
jra_2011_フェブラリーステークス_東京,2011-02-01,東京,ダート,良,曇,1600,G1,フェブラリーステークス,2,0,13,フリオーソ,jra_フリオーソ_2011,4,M,57.0,,0.0,35.7
jra_2011_フェブラリーステークス_東京,2011-02-01,東京,ダート,良,曇,1600,G1,フェブラリーステークス,3,0,5,バーディバーディ,jra_バーディバーディ_2011,4,M,57.0,,0.0,36.0
jra_2011_フェブラリーステークス_東京,2011-02-01,東京,ダート,良,曇,1600,G1,フェブラリーステークス,4,0,7,ダノンカモン,jra_ダノンカモン_2011,4,M,57.0,,0.0,36.1
jra_2011_フェブラリーステークス_東京,2011-02-01,東京,ダート,良,曇,1600,G1,フェブラリーステークス,5,0,16,マチカネニホンバレ,jra_マチカネニホンバレ_2011,4,M,57.0,,0.0,36.8
jra_2011_フェブラリーステークス_東京,2011-02-01,東京,ダート,良,曇,1600,G1,フェブラリーステークス,6,0,6,クリールパッション,jra_クリールパッション_2011,4,M,57.0,,0.0,36.5
jra_2011_フェブラリーステークス_東京,2011-02-01,東京,ダート,良,曇,1600,G1,フェブラリーステークス,7,0,4,ライブコンサート,jra_ライブコンサート_2011,4,G,57.0,,0.0,36.4
jra_2011_フェブラリーステークス_東京,2011-02-01,東京,ダート,良,曇,1600,G1,フェブラリーステークス,8,0,15,シルクメビウス,jra_シルクメビウス_2011,4,M,57.0,,0.0,36.4
jra_2011_フェブラリーステークス_東京,2011-02-01,東京,ダート,良,曇,1600,G1,フェブラリーステークス,9,0,10,ダイシンオレンジ,jra_ダイシンオレンジ_2011,4,M,57.0,,0.0,37.0
jra_2011_フェブラリーステークス_東京,2011-02-01,東京,ダート,良,曇,1600,G1,フェブラリーステークス,10,0,8,ビクトリーテツニー,jra_ビクトリーテツニー_2011,4,M,57.0,,0.0,36.0
jra_2011_フェブラリーステークス_東京,2011-02-01,東京,ダート,良,曇,1600,G1,フェブラリーステークス,11,0,3,ダイショウジェット,jra_ダイショウジェット_2011,4,M,57.0,,0.0,36.4
jra_2011_フェブラリーステークス_東京,2011-02-01,東京,ダート,良,曇,1600,G1,フェブラリーステークス,12,0,1,オーロマイスター,jra_オーロマイスター_2011,4,M,57.0,,0.0,36.6
jra_2011_フェブラリーステークス_東京,2011-02-01,東京,ダート,良,曇,1600,G1,フェブラリーステークス,13,0,11,メイショウタメトモ,jra_メイショウタメトモ_2011,4,M,57.0,,0.0,37.5
jra_2011_フェブラリーステークス_東京,2011-02-01,東京,ダート,良,曇,1600,G1,フェブラリーステークス,14,0,14,セイクリムズン,jra_セイクリムズン_2011,4,M,57.0,,0.0,37.7
jra_2011_フェブラリーステークス_東京,2011-02-01,東京,ダート,良,曇,1600,G1,フェブラリーステークス,15,0,9,パワーストラグル,jra_パワーストラグル_2011,4,M,57.0,,0.0,37.9
jra_2011_フェブラリーステークス_東京,2011-02-01,東京,ダート,良,曇,1600,G1,フェブラリーステークス,16,0,2,コスモファントム,jra_コスモファントム_2011,4,M,57.0,,0.0,38.1
jra_2012_フェブラリーステークス_東京,2012-02-19,東京,ダート,良,晴,1600,G1,フェブラリーステークス,1,0,16,テスタマッタ,jra_テスタマッタ_2012,4,M,57.0,,0.0,35.7
jra_2012_フェブラリーステークス_東京,2012-02-19,東京,ダート,良,晴,1600,G1,フェブラリーステークス,2,0,3,シルクフォーチュン,jra_シルクフォーチュン_2012,4,M,57.0,,0.0,35.7
jra_2012_フェブラリーステークス_東京,2012-02-19,東京,ダート,良,晴,1600,G1,フェブラリーステークス,3,0,10,ワンダーアキュート,jra_ワンダーアキュート_2012,4,M,57.0,,0.0,36.4
jra_2012_フェブラリーステークス_東京,2012-02-19,東京,ダート,良,晴,1600,G1,フェブラリーステークス,4,0,11,ダノンカモン,jra_ダノンカモン_2012,4,M,57.0,,0.0,36.6
jra_2012_フェブラリーステークス_東京,2012-02-19,東京,ダート,良,晴,1600,G1,フェブラリーステークス,5,0,9,エスポワールシチー,jra_エスポワールシチー_2012,4,M,57.0,,0.0,36.8
jra_2012_フェブラリーステークス_東京,2012-02-19,東京,ダート,良,晴,1600,G1,フェブラリーステークス,6,0,2,タガノロックオン,jra_タガノロックオン_2012,4,M,57.0,,0.0,37.0
jra_2012_フェブラリーステークス_東京,2012-02-19,東京,ダート,良,晴,1600,G1,フェブラリーステークス,7,0,15,トランセンド,jra_トランセンド_2012,4,M,57.0,,0.0,37.6
jra_2012_フェブラリーステークス_東京,2012-02-19,東京,ダート,良,晴,1600,G1,フェブラリーステークス,8,0,6,ケイアイテンジン,jra_ケイアイテンジン_2012,4,M,57.0,,0.0,37.4
jra_2012_フェブラリーステークス_東京,2012-02-19,東京,ダート,良,晴,1600,G1,フェブラリーステークス,9,0,7,ヤマニンキングリー,jra_ヤマニンキングリー_2012,4,M,57.0,,0.0,37.2
jra_2012_フェブラリーステークス_東京,2012-02-19,東京,ダート,良,晴,1600,G1,フェブラリーステークス,10,0,12,ライブコンサート,jra_ライブコンサート_2012,4,G,57.0,,0.0,37.3
jra_2012_フェブラリーステークス_東京,2012-02-19,東京,ダート,良,晴,1600,G1,フェブラリーステークス,11,0,5,ヒラボクワイルド,jra_ヒラボクワイルド_2012,4,M,57.0,,0.0,37.4
jra_2012_フェブラリーステークス_東京,2012-02-19,東京,ダート,良,晴,1600,G1,フェブラリーステークス,12,0,13,グランプリボス,jra_グランプリボス_2012,4,M,57.0,,0.0,38.1
jra_2012_フェブラリーステークス_東京,2012-02-19,東京,ダート,良,晴,1600,G1,フェブラリーステークス,13,0,14,トウショウカズン,jra_トウショウカズン_2012,4,M,57.0,,0.0,38.5
jra_2012_フェブラリーステークス_東京,2012-02-19,東京,ダート,良,晴,1600,G1,フェブラリーステークス,14,0,4,スマイルジャック,jra_スマイルジャック_2012,4,M,57.0,,0.0,38.0
jra_2012_フェブラリーステークス_東京,2012-02-19,東京,ダート,良,晴,1600,G1,フェブラリーステークス,15,0,8,セイクリムズン,jra_セイクリムズン_2012,4,M,57.0,,0.0,39.5
jra_2012_フェブラリーステークス_東京,2012-02-19,東京,ダート,良,晴,1600,G1,フェブラリーステークス,16,0,1,ナイキマドリード,jra_ナイキマドリード_2012,4,M,57.0,,0.0,38.7
jra_2013_フェブラリーステークス_東京,2013-02-17,東京,ダート,良,晴,1600,G1,フェブラリーステークス,1,0,2,グレープブランデー,jra_グレープブランデー_2013,4,M,57.0,,0.0,35.9
jra_2013_フェブラリーステークス_東京,2013-02-17,東京,ダート,良,晴,1600,G1,フェブラリーステークス,2,0,6,エスポワールシチー,jra_エスポワールシチー_2013,4,M,57.0,,0.0,36.5
jra_2013_フェブラリーステークス_東京,2013-02-17,東京,ダート,良,晴,1600,G1,フェブラリーステークス,3,0,10,ワンダーアキュート,jra_ワンダーアキュート_2013,4,M,57.0,,0.0,35.9
jra_2013_フェブラリーステークス_東京,2013-02-17,東京,ダート,良,晴,1600,G1,フェブラリーステークス,4,0,3,セイクリムズン,jra_セイクリムズン_2013,4,M,57.0,,0.0,35.8
jra_2013_フェブラリーステークス_東京,2013-02-17,東京,ダート,良,晴,1600,G1,フェブラリーステークス,5,0,16,シルクフォーチュン,jra_シルクフォーチュン_2013,4,M,57.0,,0.0,35.7
jra_2013_フェブラリーステークス_東京,2013-02-17,東京,ダート,良,晴,1600,G1,フェブラリーステークス,6,0,1,マルカフリート,jra_マルカフリート_2013,4,M,57.0,,0.0,36.6
jra_2013_フェブラリーステークス_東京,2013-02-17,東京,ダート,良,晴,1600,G1,フェブラリーステークス,7,0,14,テスタマッタ,jra_テスタマッタ_2013,4,M,57.0,,0.0,35.9
jra_2013_フェブラリーステークス_東京,2013-02-17,東京,ダート,良,晴,1600,G1,フェブラリーステークス,8,0,12,ダノンカモン,jra_ダノンカモン_2013,4,M,57.0,,0.0,36.3
jra_2013_フェブラリーステークス_東京,2013-02-17,東京,ダート,良,晴,1600,G1,フェブラリーステークス,9,0,4,ナムラタイタン,jra_ナムラタイタン_2013,4,M,57.0,,0.0,36.9
jra_2013_フェブラリーステークス_東京,2013-02-17,東京,ダート,良,晴,1600,G1,フェブラリーステークス,10,0,7,ガンジス,jra_ガンジス_2013,4,M,57.0,,0.0,37.6
jra_2013_フェブラリーステークス_東京,2013-02-17,東京,ダート,良,晴,1600,G1,フェブラリーステークス,11,0,15,ガルボ,jra_ガルボ_2013,4,M,57.0,,0.0,37.7
jra_2013_フェブラリーステークス_東京,2013-02-17,東京,ダート,良,晴,1600,G1,フェブラリーステークス,12,0,8,イジゲン,jra_イジゲン_2013,4,M,57.0,,0.0,37.2
jra_2013_フェブラリーステークス_東京,2013-02-17,東京,ダート,良,晴,1600,G1,フェブラリーステークス,13,0,13,エーシンウェズン,jra_エーシンウェズン_2013,4,M,57.0,,0.0,37.3
jra_2013_フェブラリーステークス_東京,2013-02-17,東京,ダート,良,晴,1600,G1,フェブラリーステークス,14,0,5,タイセイレジェンド,jra_タイセイレジェンド_2013,4,M,57.0,,0.0,38.3
jra_2013_フェブラリーステークス_東京,2013-02-17,東京,ダート,良,晴,1600,G1,フェブラリーステークス,15,0,11,カレンブラックヒル,jra_カレンブラックヒル_2013,4,M,57.0,,0.0,39.0
jra_2013_フェブラリーステークス_東京,2013-02-17,東京,ダート,良,晴,1600,G1,フェブラリーステークス,16,0,9,ヤマニンキングリー,jra_ヤマニンキングリー_2013,4,M,57.0,,0.0,39.0
jra_2014_フェブラリーステークス_東京,2014-02-23,東京,ダート,良,晴,1600,G1,フェブラリーステークス,1,0,13,コパノリッキー,jra_コパノリッキー_2014,4,M,57.0,,0.0,35.3
jra_2014_フェブラリーステークス_東京,2014-02-23,東京,ダート,良,晴,1600,G1,フェブラリーステークス,2,0,15,ホッコータルマエ,jra_ホッコータルマエ_2014,4,M,57.0,,0.0,35.1
jra_2014_フェブラリーステークス_東京,2014-02-23,東京,ダート,良,晴,1600,G1,フェブラリーステークス,3,0,11,ベルシャザール,jra_ベルシャザール_2014,4,M,57.0,,0.0,35.1
jra_2014_フェブラリーステークス_東京,2014-02-23,東京,ダート,良,晴,1600,G1,フェブラリーステークス,4,0,6,ノーザンリバー,jra_ノーザンリバー_2014,4,M,57.0,,0.0,35.4
jra_2014_フェブラリーステークス_東京,2014-02-23,東京,ダート,良,晴,1600,G1,フェブラリーステークス,5,0,12,ブライトライン,jra_ブライトライン_2014,4,M,57.0,,0.0,35.5
jra_2014_フェブラリーステークス_東京,2014-02-23,東京,ダート,良,晴,1600,G1,フェブラリーステークス,6,0,4,ワンダーアキュート,jra_ワンダーアキュート_2014,4,M,57.0,,0.0,35.2
jra_2014_フェブラリーステークス_東京,2014-02-23,東京,ダート,良,晴,1600,G1,フェブラリーステークス,7,0,14,ダノンカモン,jra_ダノンカモン_2014,4,M,57.0,,0.0,35.9
jra_2014_フェブラリーステークス_東京,2014-02-23,東京,ダート,良,晴,1600,G1,フェブラリーステークス,8,0,7,ニホンピロアワーズ,jra_ニホンピロアワーズ_2014,4,M,57.0,,0.0,35.5
jra_2014_フェブラリーステークス_東京,2014-02-23,東京,ダート,良,晴,1600,G1,フェブラリーステークス,9,0,10,ドリームバレンチノ,jra_ドリームバレンチノ_2014,4,M,57.0,,0.0,35.5
jra_2014_フェブラリーステークス_東京,2014-02-23,東京,ダート,良,晴,1600,G1,フェブラリーステークス,10,0,1,ゴールスキー,jra_ゴールスキー_2014,4,M,57.0,,0.0,35.4
jra_2014_フェブラリーステークス_東京,2014-02-23,東京,ダート,良,晴,1600,G1,フェブラリーステークス,11,0,8,グランドシチー,jra_グランドシチー_2014,4,M,57.0,,0.0,35.4
jra_2014_フェブラリーステークス_東京,2014-02-23,東京,ダート,良,晴,1600,G1,フェブラリーステークス,12,0,3,ソロル,jra_ソロル_2014,4,M,57.0,,0.0,36.0
jra_2014_フェブラリーステークス_東京,2014-02-23,東京,ダート,良,晴,1600,G1,フェブラリーステークス,13,0,2,ベストウォーリア,jra_ベストウォーリア_2014,4,M,57.0,,0.0,35.7
jra_2014_フェブラリーステークス_東京,2014-02-23,東京,ダート,良,晴,1600,G1,フェブラリーステークス,14,0,9,アドマイヤロイヤル,jra_アドマイヤロイヤル_2014,4,M,57.0,,0.0,35.4
jra_2014_フェブラリーステークス_東京,2014-02-23,東京,ダート,良,晴,1600,G1,フェブラリーステークス,15,0,16,シルクフォーチュン,jra_シルクフォーチュン_2014,4,M,57.0,,0.0,35.8
jra_2014_フェブラリーステークス_東京,2014-02-23,東京,ダート,良,晴,1600,G1,フェブラリーステークス,16,0,5,エーシントップ,jra_エーシントップ_2014,4,M,57.0,,0.0,37.9
jra_2015_フェブラリーステークス_東京,2015-02-22,東京,ダート,良,曇,1600,G1,フェブラリーステークス,1,0,4,コパノリッキー,jra_コパノリッキー_2015,4,M,57.0,,0.0,36.2
jra_2015_フェブラリーステークス_東京,2015-02-22,東京,ダート,良,曇,1600,G1,フェブラリーステークス,2,0,14,インカンテーション,jra_インカンテーション_2015,4,M,57.0,,0.0,36.2
jra_2015_フェブラリーステークス_東京,2015-02-22,東京,ダート,良,曇,1600,G1,フェブラリーステークス,3,0,10,ベストウォーリア,jra_ベストウォーリア_2015,4,M,57.0,,0.0,36.1
jra_2015_フェブラリーステークス_東京,2015-02-22,東京,ダート,良,曇,1600,G1,フェブラリーステークス,4,0,7,グレープブランデー,jra_グレープブランデー_2015,4,M,57.0,,0.0,36.3
jra_2015_フェブラリーステークス_東京,2015-02-22,東京,ダート,良,曇,1600,G1,フェブラリーステークス,5,0,1,ローマンレジェンド,jra_ローマンレジェンド_2015,4,M,57.0,,0.0,35.8
jra_2015_フェブラリーステークス_東京,2015-02-22,東京,ダート,良,曇,1600,G1,フェブラリーステークス,6,0,11,ワイドバッハ,jra_ワイドバッハ_2015,4,M,57.0,,0.0,36.0
jra_2015_フェブラリーステークス_東京,2015-02-22,東京,ダート,良,曇,1600,G1,フェブラリーステークス,7,0,9,サンビスタ,jra_サンビスタ_2015,4,F,55.0,,0.0,36.2
jra_2015_フェブラリーステークス_東京,2015-02-22,東京,ダート,良,曇,1600,G1,フェブラリーステークス,8,0,5,カゼノコ,jra_カゼノコ_2015,4,M,57.0,,0.0,36.2
jra_2015_フェブラリーステークス_東京,2015-02-22,東京,ダート,良,曇,1600,G1,フェブラリーステークス,9,0,13,ワンダーアキュート,jra_ワンダーアキュート_2015,4,M,57.0,,0.0,36.4
jra_2015_フェブラリーステークス_東京,2015-02-22,東京,ダート,良,曇,1600,G1,フェブラリーステークス,10,0,2,コーリンベリー,jra_コーリンベリー_2015,4,F,55.0,,0.0,36.2
jra_2015_フェブラリーステークス_東京,2015-02-22,東京,ダート,良,曇,1600,G1,フェブラリーステークス,11,0,6,ハッピースプリント,jra_ハッピースプリント_2015,4,M,57.0,,0.0,36.2
jra_2015_フェブラリーステークス_東京,2015-02-22,東京,ダート,良,曇,1600,G1,フェブラリーステークス,12,0,16,アドマイヤロイヤル,jra_アドマイヤロイヤル_2015,4,M,57.0,,0.0,36.9
jra_2015_フェブラリーステークス_東京,2015-02-22,東京,ダート,良,曇,1600,G1,フェブラリーステークス,13,0,15,キョウワダッフィー,jra_キョウワダッフィー_2015,4,M,57.0,,0.0,37.1
jra_2015_フェブラリーステークス_東京,2015-02-22,東京,ダート,良,曇,1600,G1,フェブラリーステークス,14,0,8,レッドアルヴィス,jra_レッドアルヴィス_2015,4,M,57.0,,0.0,37.0
jra_2015_フェブラリーステークス_東京,2015-02-22,東京,ダート,良,曇,1600,G1,フェブラリーステークス,15,0,3,シルクフォーチュン,jra_シルクフォーチュン_2015,4,M,57.0,,0.0,37.1
jra_2015_フェブラリーステークス_東京,2015-02-22,東京,ダート,良,曇,1600,G1,フェブラリーステークス,16,0,12,サトノタイガー,jra_サトノタイガー_2015,4,M,57.0,,0.0,36.6
jra_2016_フェブラリーステークス_東京,2016-02-21,東京,ダート,重,晴,1600,G1,フェブラリーステークス,1,0,14,モーニン,jra_モーニン_2016,4,M,57.0,,0.0,35.2
jra_2016_フェブラリーステークス_東京,2016-02-21,東京,ダート,重,晴,1600,G1,フェブラリーステークス,2,0,7,ノンコノユメ,jra_ノンコノユメ_2016,4,M,57.0,,0.0,34.7
jra_2016_フェブラリーステークス_東京,2016-02-21,東京,ダート,重,晴,1600,G1,フェブラリーステークス,3,0,4,アスカノロマン,jra_アスカノロマン_2016,4,M,57.0,,0.0,34.9
jra_2016_フェブラリーステークス_東京,2016-02-21,東京,ダート,重,晴,1600,G1,フェブラリーステークス,4,0,5,ベストウォーリア,jra_ベストウォーリア_2016,4,M,57.0,,0.0,35.0
jra_2016_フェブラリーステークス_東京,2016-02-21,東京,ダート,重,晴,1600,G1,フェブラリーステークス,5,0,6,ロワジャルダン,jra_ロワジャルダン_2016,4,M,57.0,,0.0,35.3
jra_2016_フェブラリーステークス_東京,2016-02-21,東京,ダート,重,晴,1600,G1,フェブラリーステークス,6,0,13,タガノトネール,jra_タガノトネール_2016,4,G,57.0,,0.0,36.0
jra_2016_フェブラリーステークス_東京,2016-02-21,東京,ダート,重,晴,1600,G1,フェブラリーステークス,7,0,3,コパノリッキー,jra_コパノリッキー_2016,4,M,57.0,,0.0,35.6
jra_2016_フェブラリーステークス_東京,2016-02-21,東京,ダート,重,晴,1600,G1,フェブラリーステークス,8,0,9,モンドクラッセ,jra_モンドクラッセ_2016,4,M,57.0,,0.0,35.9
jra_2016_フェブラリーステークス_東京,2016-02-21,東京,ダート,重,晴,1600,G1,フェブラリーステークス,9,0,16,ローマンレジェンド,jra_ローマンレジェンド_2016,4,M,57.0,,0.0,35.3
jra_2016_フェブラリーステークス_東京,2016-02-21,東京,ダート,重,晴,1600,G1,フェブラリーステークス,10,0,2,ホワイトフーガ,jra_ホワイトフーガ_2016,4,F,55.0,,0.0,35.6
jra_2016_フェブラリーステークス_東京,2016-02-21,東京,ダート,重,晴,1600,G1,フェブラリーステークス,11,0,10,グレープブランデー,jra_グレープブランデー_2016,4,M,57.0,,0.0,35.8
jra_2016_フェブラリーステークス_東京,2016-02-21,東京,ダート,重,晴,1600,G1,フェブラリーステークス,12,0,11,スーサンジョイ,jra_スーサンジョイ_2016,4,M,57.0,,0.0,36.5
jra_2016_フェブラリーステークス_東京,2016-02-21,東京,ダート,重,晴,1600,G1,フェブラリーステークス,13,0,15,サノイチ,jra_サノイチ_2016,4,M,57.0,,0.0,35.9
jra_2016_フェブラリーステークス_東京,2016-02-21,東京,ダート,重,晴,1600,G1,フェブラリーステークス,14,0,12,マルカフリート,jra_マルカフリート_2016,4,M,57.0,,0.0,36.2
jra_2016_フェブラリーステークス_東京,2016-02-21,東京,ダート,重,晴,1600,G1,フェブラリーステークス,15,0,8,コーリンベリー,jra_コーリンベリー_2016,4,F,55.0,,0.0,38.4
jra_2016_フェブラリーステークス_東京,2016-02-21,東京,ダート,重,晴,1600,G1,フェブラリーステークス,16,0,1,パッションダンス,jra_パッションダンス_2016,4,M,57.0,,0.0,41.1
jra_2017_フェブラリーステークス_東京,2017-02-19,東京,ダート,良,晴,1600,G1,フェブラリーステークス,1,0,3,ゴールドドリーム,jra_ゴールドドリーム_2017,4,M,57.0,,0.0,35.6
jra_2017_フェブラリーステークス_東京,2017-02-19,東京,ダート,良,晴,1600,G1,フェブラリーステークス,2,0,9,ベストウォーリア,jra_ベストウォーリア_2017,4,M,57.0,,0.0,35.7
jra_2017_フェブラリーステークス_東京,2017-02-19,東京,ダート,良,晴,1600,G1,フェブラリーステークス,3,0,10,カフジテイク,jra_カフジテイク_2017,4,M,57.0,,0.0,34.9
jra_2017_フェブラリーステークス_東京,2017-02-19,東京,ダート,良,晴,1600,G1,フェブラリーステークス,4,0,13,エイシンバッケン,jra_エイシンバッケン_2017,4,M,57.0,,0.0,35.4
jra_2017_フェブラリーステークス_東京,2017-02-19,東京,ダート,良,晴,1600,G1,フェブラリーステークス,5,0,12,ニシケンモノノフ,jra_ニシケンモノノフ_2017,4,M,57.0,,0.0,36.4
jra_2017_フェブラリーステークス_東京,2017-02-19,東京,ダート,良,晴,1600,G1,フェブラリーステークス,6,0,15,ケイティブレイブ,jra_ケイティブレイブ_2017,4,M,57.0,,0.0,36.3
jra_2017_フェブラリーステークス_東京,2017-02-19,東京,ダート,良,晴,1600,G1,フェブラリーステークス,7,0,11,ノンコノユメ,jra_ノンコノユメ_2017,4,G,57.0,,0.0,36.0
jra_2017_フェブラリーステークス_東京,2017-02-19,東京,ダート,良,晴,1600,G1,フェブラリーステークス,8,0,1,サウンドトゥルー,jra_サウンドトゥルー_2017,4,G,57.0,,0.0,35.8
jra_2017_フェブラリーステークス_東京,2017-02-19,東京,ダート,良,晴,1600,G1,フェブラリーステークス,9,0,2,ホワイトフーガ,jra_ホワイトフーガ_2017,4,F,55.0,,0.0,36.6
jra_2017_フェブラリーステークス_東京,2017-02-19,東京,ダート,良,晴,1600,G1,フェブラリーステークス,10,0,7,ブライトライン,jra_ブライトライン_2017,4,M,57.0,,0.0,36.3
jra_2017_フェブラリーステークス_東京,2017-02-19,東京,ダート,良,晴,1600,G1,フェブラリーステークス,11,0,14,キングズガード,jra_キングズガード_2017,4,M,57.0,,0.0,36.3
jra_2017_フェブラリーステークス_東京,2017-02-19,東京,ダート,良,晴,1600,G1,フェブラリーステークス,12,0,6,モーニン,jra_モーニン_2017,4,M,57.0,,0.0,36.6
jra_2017_フェブラリーステークス_東京,2017-02-19,東京,ダート,良,晴,1600,G1,フェブラリーステークス,13,0,16,インカンテーション,jra_インカンテーション_2017,4,M,57.0,,0.0,37.5
jra_2017_フェブラリーステークス_東京,2017-02-19,東京,ダート,良,晴,1600,G1,フェブラリーステークス,14,0,4,コパノリッキー,jra_コパノリッキー_2017,4,M,57.0,,0.0,37.3
jra_2017_フェブラリーステークス_東京,2017-02-19,東京,ダート,良,晴,1600,G1,フェブラリーステークス,15,0,5,アスカノロマン,jra_アスカノロマン_2017,4,M,57.0,,0.0,37.2
jra_2017_フェブラリーステークス_東京,2017-02-19,東京,ダート,良,晴,1600,G1,フェブラリーステークス,16,0,8,デニムアンドルビー,jra_デニムアンドルビー_2017,4,F,55.0,,0.0,36.8
jra_2019_フェブラリーステークス_東京,2019-02-17,東京,芝,良,晴,0,G1,フェブラリーステークス,1,0,6,インティ,jra_インティ_2019,4,M,57.0,武 豊,95.6,35.4
jra_2019_フェブラリーステークス_東京,2019-02-17,東京,芝,良,晴,0,G1,フェブラリーステークス,2,0,3,ゴールドドリーム,jra_ゴールドドリーム_2019,4,M,57.0,C.ルメール,95.6,34.8
jra_2019_フェブラリーステークス_東京,2019-02-17,東京,芝,良,晴,0,G1,フェブラリーステークス,3,0,2,ユラノト,jra_ユラノト_2019,4,M,57.0,福永 祐一,96.3,35.5
jra_2019_フェブラリーステークス_東京,2019-02-17,東京,芝,良,晴,0,G1,フェブラリーステークス,4,0,8,モーニン,jra_モーニン_2019,4,M,57.0,和田 竜二,96.5,35.9
jra_2019_フェブラリーステークス_東京,2019-02-17,東京,芝,良,晴,0,G1,フェブラリーステークス,5,0,11,コパノキッキング,jra_コパノキッキング_2019,4,G,57.0,藤田 菜七子,96.6,35.2
jra_2019_フェブラリーステークス_東京,2019-02-17,東京,芝,良,晴,0,G1,フェブラリーステークス,6,0,10,サンライズソア,jra_サンライズソア_2019,4,M,57.0,田辺 裕信,96.7,36.3
jra_2019_フェブラリーステークス_東京,2019-02-17,東京,芝,良,晴,0,G1,フェブラリーステークス,7,0,7,サンライズノヴァ,jra_サンライズノヴァ_2019,4,M,57.0,戸崎 圭太,96.9,35.7
jra_2019_フェブラリーステークス_東京,2019-02-17,東京,芝,良,晴,0,G1,フェブラリーステークス,8,0,5,サクセスエナジー,jra_サクセスエナジー_2019,4,M,57.0,松山 弘平,97.1,36.5
jra_2019_フェブラリーステークス_東京,2019-02-17,東京,芝,良,晴,0,G1,フェブラリーステークス,9,0,9,ワンダーリーデル,jra_ワンダーリーデル_2019,4,M,57.0,柴田 大知,97.2,36.6
jra_2019_フェブラリーステークス_東京,2019-02-17,東京,芝,良,晴,0,G1,フェブラリーステークス,10,0,14,オメガパフューム,jra_オメガパフューム_2019,4,M,57.0,M.デムーロ,97.3,36.4
jra_2019_フェブラリーステークス_東京,2019-02-17,東京,芝,良,晴,0,G1,フェブラリーステークス,11,0,1,クインズサターン,jra_クインズサターン_2019,4,M,57.0,四位 洋文,97.4,36.2
jra_2019_フェブラリーステークス_東京,2019-02-17,東京,芝,良,晴,0,G1,フェブラリーステークス,12,0,12,ノボバカラ,jra_ノボバカラ_2019,4,M,57.0,F.ミナリク,97.8,36.6
jra_2019_フェブラリーステークス_東京,2019-02-17,東京,芝,良,晴,0,G1,フェブラリーステークス,13,0,13,ノンコノユメ,jra_ノンコノユメ_2019,4,G,57.0,内田 博幸,97.9,36.9
jra_2019_フェブラリーステークス_東京,2019-02-17,東京,芝,良,晴,0,G1,フェブラリーステークス,14,0,4,メイショウウタゲ,jra_メイショウウタゲ_2019,4,M,57.0,北村 宏司,97.9,36.7
jra_2020_フェブラリーステークス_東京,2020-02-23,東京,芝,良,晴,1000,G1,フェブラリーステークス,1,0,12,モズアスコット,jra_モズアスコット_2020,4,M,57.0,C.ルメール,95.2,35.4
jra_2020_フェブラリーステークス_東京,2020-02-23,東京,芝,良,晴,1000,G1,フェブラリーステークス,2,0,15,ケイティブレイブ,jra_ケイティブレイブ_2020,4,M,57.0,長岡 禎仁,95.6,35.6
jra_2020_フェブラリーステークス_東京,2020-02-23,東京,芝,良,晴,1000,G1,フェブラリーステークス,3,0,9,サンライズノヴァ,jra_サンライズノヴァ_2020,4,M,57.0,松山 弘平,95.8,35.3
jra_2020_フェブラリーステークス_東京,2020-02-23,東京,芝,良,晴,1000,G1,フェブラリーステークス,4,0,16,ワンダーリーデル,jra_ワンダーリーデル_2020,4,M,57.0,横山 典弘,95.8,35.5
jra_2020_フェブラリーステークス_東京,2020-02-23,東京,芝,良,晴,1000,G1,フェブラリーステークス,5,0,4,タイムフライヤー,jra_タイムフライヤー_2020,4,M,57.0,S.フォーリー,96.1,37.0
jra_2020_フェブラリーステークス_東京,2020-02-23,東京,芝,良,晴,1000,G1,フェブラリーステークス,6,0,8,キングズガード,jra_キングズガード_2020,4,M,57.0,秋山 真一郎,96.5,35.9
jra_2020_フェブラリーステークス_東京,2020-02-23,東京,芝,良,晴,1000,G1,フェブラリーステークス,6,0,11,モジアナフレイバー,jra_モジアナフレイバー_2020,4,M,57.0,繁田 健一,96.5,36.0
jra_2020_フェブラリーステークス_東京,2020-02-23,東京,芝,良,晴,1000,G1,フェブラリーステークス,8,0,10,ノンコノユメ,jra_ノンコノユメ_2020,4,G,57.0,真島 大輔,96.6,36.3
jra_2020_フェブラリーステークス_東京,2020-02-23,東京,芝,良,晴,1000,G1,フェブラリーステークス,9,0,2,アルクトス,jra_アルクトス_2020,4,M,57.0,田辺 裕信,97.0,38.3
jra_2020_フェブラリーステークス_東京,2020-02-23,東京,芝,良,晴,1000,G1,フェブラリーステークス,10,0,7,ヴェンジェンス,jra_ヴェンジェンス_2020,4,M,57.0,幸 英明,97.0,37.5
jra_2020_フェブラリーステークス_東京,2020-02-23,東京,芝,良,晴,1000,G1,フェブラリーステークス,11,0,14,ミューチャリー,jra_ミューチャリー_2020,4,M,57.0,御神本 訓史,97.1,36.4
jra_2020_フェブラリーステークス_東京,2020-02-23,東京,芝,良,晴,1000,G1,フェブラリーステークス,12,0,3,ワイドファラオ,jra_ワイドファラオ_2020,4,M,57.0,福永 祐一,97.3,38.5
jra_2020_フェブラリーステークス_東京,2020-02-23,東京,芝,良,晴,1000,G1,フェブラリーステークス,13,0,1,ブルドッグボス,jra_ブルドッグボス_2020,4,M,57.0,和田 竜二,98.3,38.9
jra_2020_フェブラリーステークス_東京,2020-02-23,東京,芝,良,晴,1000,G1,フェブラリーステークス,14,0,5,インティ,jra_インティ_2020,4,M,57.0,武 豊,98.3,39.0
jra_2020_フェブラリーステークス_東京,2020-02-23,東京,芝,良,晴,1000,G1,フェブラリーステークス,15,0,13,デルマルーヴル,jra_デルマルーヴル_2020,4,M,57.0,M.デムーロ,98.6,38.4
jra_2020_フェブラリーステークス_東京,2020-02-23,東京,芝,良,晴,1000,G1,フェブラリーステークス,16,0,6,ミッキーワイルド,jra_ミッキーワイルド_2020,4,M,57.0,北村 友一,98.9,39.3
jra_2021_フェブラリーステークス_東京,2021-02-21,東京,芝,良,晴,1600,G1,フェブラリーステークス,1,0,3,カフェファラオ,jra_カフェファラオ_2021,4,M,57.0,C.ルメール,94.4,35.6
jra_2021_フェブラリーステークス_東京,2021-02-21,東京,芝,良,晴,1600,G1,フェブラリーステークス,2,0,10,エアスピネル,jra_エアスピネル_2021,4,M,57.0,鮫島 克駿,94.5,35.2
jra_2021_フェブラリーステークス_東京,2021-02-21,東京,芝,良,晴,1600,G1,フェブラリーステークス,3,0,7,ワンダーリーデル,jra_ワンダーリーデル_2021,4,M,57.0,横山 典弘,94.8,35.7
jra_2021_フェブラリーステークス_東京,2021-02-21,東京,芝,良,晴,1600,G1,フェブラリーステークス,4,0,16,レッドルゼル,jra_レッドルゼル_2021,4,M,57.0,川田 将雅,94.9,35.5
jra_2021_フェブラリーステークス_東京,2021-02-21,東京,芝,良,晴,1600,G1,フェブラリーステークス,5,0,1,エアアルマス,jra_エアアルマス_2021,4,M,57.0,松山 弘平,95.1,36.6
jra_2021_フェブラリーステークス_東京,2021-02-21,東京,芝,良,晴,1600,G1,フェブラリーステークス,6,0,2,インティ,jra_インティ_2021,4,M,57.0,武 豊,95.1,35.5
jra_2021_フェブラリーステークス_東京,2021-02-21,東京,芝,良,晴,1600,G1,フェブラリーステークス,7,0,15,ミューチャリー,jra_ミューチャリー_2021,4,M,57.0,御神本 訓史,95.3,35.6
jra_2021_フェブラリーステークス_東京,2021-02-21,東京,芝,良,晴,1600,G1,フェブラリーステークス,8,0,13,ソリストサンダー,jra_ソリストサンダー_2021,4,M,57.0,北村 宏司,95.4,35.9
jra_2021_フェブラリーステークス_東京,2021-02-21,東京,芝,良,晴,1600,G1,フェブラリーステークス,9,0,6,アルクトス,jra_アルクトス_2021,4,M,57.0,田辺 裕信,95.6,36.6
jra_2021_フェブラリーステークス_東京,2021-02-21,東京,芝,良,晴,1600,G1,フェブラリーステークス,10,0,12,ヤマニンアンプリメ,jra_ヤマニンアンプリメ_2021,4,F,55.0,横山 武史,95.6,36.4
jra_2021_フェブラリーステークス_東京,2021-02-21,東京,芝,良,晴,1600,G1,フェブラリーステークス,11,0,9,サンライズノヴァ,jra_サンライズノヴァ_2021,4,M,57.0,松若 風馬,95.7,35.9
jra_2021_フェブラリーステークス_東京,2021-02-21,東京,芝,良,晴,1600,G1,フェブラリーステークス,12,0,11,スマートダンディー,jra_スマートダンディー_2021,4,M,57.0,秋山 真一郎,96.0,36.7
jra_2021_フェブラリーステークス_東京,2021-02-21,東京,芝,良,晴,1600,G1,フェブラリーステークス,13,0,14,オーヴェルニュ,jra_オーヴェルニュ_2021,4,M,57.0,丸山 元気,96.5,37.5
jra_2021_フェブラリーステークス_東京,2021-02-21,東京,芝,良,晴,1600,G1,フェブラリーステークス,14,0,8,ワイドファラオ,jra_ワイドファラオ_2021,4,M,57.0,福永 祐一,96.7,38.2
jra_2021_フェブラリーステークス_東京,2021-02-21,東京,芝,良,晴,1600,G1,フェブラリーステークス,15,0,5,サクセスエナジー,jra_サクセスエナジー_2021,4,M,57.0,酒井 学,97.1,37.5
jra_2021_フェブラリーステークス_東京,2021-02-21,東京,芝,良,晴,1600,G1,フェブラリーステークス,16,0,4,ヘリオス,jra_ヘリオス_2021,4,G,57.0,M.デムーロ,97.7,38.7
jra_2022_フェブラリーステークス_東京,2022-02-20,東京,ダート,良,雨,0,G1,フェブラリーステークス,1,0,6,カフェファラオ,jra_カフェファラオ_2022,4,M,57.0,福永 祐一,93.8,34.3
jra_2022_フェブラリーステークス_東京,2022-02-20,東京,ダート,良,雨,0,G1,フェブラリーステークス,2,0,15,テイエムサウスダン,jra_テイエムサウスダン_2022,4,M,57.0,岩田 康誠,94.2,35.0
jra_2022_フェブラリーステークス_東京,2022-02-20,東京,ダート,良,雨,0,G1,フェブラリーステークス,3,0,11,ソダシ,jra_ソダシ_2022,4,F,55.0,吉田 隼人,94.3,34.9
jra_2022_フェブラリーステークス_東京,2022-02-20,東京,ダート,良,雨,0,G1,フェブラリーステークス,4,0,13,ソリストサンダー,jra_ソリストサンダー_2022,4,M,57.0,戸崎 圭太,94.3,34.6
jra_2022_フェブラリーステークス_東京,2022-02-20,東京,ダート,良,雨,0,G1,フェブラリーステークス,5,0,7,タイムフライヤー,jra_タイムフライヤー_2022,4,M,57.0,横山 武史,94.5,34.6
jra_2022_フェブラリーステークス_東京,2022-02-20,東京,ダート,良,雨,0,G1,フェブラリーステークス,6,0,5,レッドルゼル,jra_レッドルゼル_2022,4,M,57.0,川田 将雅,94.6,34.9
jra_2022_フェブラリーステークス_東京,2022-02-20,東京,ダート,良,雨,0,G1,フェブラリーステークス,7,0,4,アルクトス,jra_アルクトス_2022,4,M,57.0,田辺 裕信,94.7,35.1
jra_2022_フェブラリーステークス_東京,2022-02-20,東京,ダート,良,雨,0,G1,フェブラリーステークス,8,0,8,サンライズノヴァ,jra_サンライズノヴァ_2022,4,M,57.0,松若 風馬,94.8,34.5
jra_2022_フェブラリーステークス_東京,2022-02-20,東京,ダート,良,雨,0,G1,フェブラリーステークス,9,0,16,エアスピネル,jra_エアスピネル_2022,4,M,57.0,M.デムーロ,95.0,34.9
jra_2022_フェブラリーステークス_東京,2022-02-20,東京,ダート,良,雨,0,G1,フェブラリーステークス,10,0,12,ミューチャリー,jra_ミューチャリー_2022,4,M,57.0,御神本 訓史,95.1,35.0
jra_2022_フェブラリーステークス_東京,2022-02-20,東京,ダート,良,雨,0,G1,フェブラリーステークス,11,0,3,インティ,jra_インティ_2022,4,M,57.0,武 豊,95.2,35.1
jra_2022_フェブラリーステークス_東京,2022-02-20,東京,ダート,良,雨,0,G1,フェブラリーステークス,12,0,9,サンライズホープ,jra_サンライズホープ_2022,4,M,57.0,大野 拓弥,95.3,35.8
jra_2022_フェブラリーステークス_東京,2022-02-20,東京,ダート,良,雨,0,G1,フェブラリーステークス,13,0,10,スワーヴアラミス,jra_スワーヴアラミス_2022,4,M,57.0,松田 大作,95.5,35.6
jra_2022_フェブラリーステークス_東京,2022-02-20,東京,ダート,良,雨,0,G1,フェブラリーステークス,14,0,1,テオレーマ,jra_テオレーマ_2022,4,F,55.0,C.ルメール,95.6,35.3
jra_2022_フェブラリーステークス_東京,2022-02-20,東京,ダート,良,雨,0,G1,フェブラリーステークス,15,0,2,ダイワキャグニー,jra_ダイワキャグニー_2022,4,G,57.0,三浦 皇成,95.7,36.0
jra_2022_フェブラリーステークス_東京,2022-02-20,東京,ダート,良,雨,0,G1,フェブラリーステークス,16,0,14,ケイティブレイブ,jra_ケイティブレイブ_2022,4,M,57.0,菅原 明良,96.1,36.3
jra_2023_フェブラリーステークス_東京,2023-02-19,東京,ダート,良,晴,0,G1,フェブラリーステークス,1,0,7,レモンポップ,jra_レモンポップ_2023,4,M,58.0,坂井 瑠星,95.6,36.3
jra_2023_フェブラリーステークス_東京,2023-02-19,東京,ダート,良,晴,0,G1,フェブラリーステークス,2,0,15,レッドルゼル,jra_レッドルゼル_2023,4,M,58.0,川田 将雅,95.8,35.7
jra_2023_フェブラリーステークス_東京,2023-02-19,東京,ダート,良,晴,0,G1,フェブラリーステークス,3,0,6,メイショウハリオ,jra_メイショウハリオ_2023,4,M,58.0,浜中 俊,96.2,35.8
jra_2023_フェブラリーステークス_東京,2023-02-19,東京,ダート,良,晴,0,G1,フェブラリーステークス,4,0,4,ドライスタウト,jra_ドライスタウト_2023,4,M,58.0,戸崎 圭太,96.3,36.9
jra_2023_フェブラリーステークス_東京,2023-02-19,東京,ダート,良,晴,0,G1,フェブラリーステークス,5,0,8,アドマイヤルプス,jra_アドマイヤルプス_2023,4,G,58.0,内田 博幸,96.4,36.8
jra_2023_フェブラリーステークス_東京,2023-02-19,東京,ダート,良,晴,0,G1,フェブラリーステークス,6,0,13,スピーディキック,jra_スピーディキック_2023,4,F,56.0,御神本 訓史,96.6,36.5
jra_2023_フェブラリーステークス_東京,2023-02-19,東京,ダート,良,晴,0,G1,フェブラリーステークス,7,0,14,ヘリオス,jra_ヘリオス_2023,4,G,58.0,武 豊,96.6,37.4
jra_2023_フェブラリーステークス_東京,2023-02-19,東京,ダート,良,晴,0,G1,フェブラリーステークス,8,0,11,ソリストサンダー,jra_ソリストサンダー_2023,4,M,58.0,菅原 明良,96.9,37.1
jra_2023_フェブラリーステークス_東京,2023-02-19,東京,ダート,良,晴,0,G1,フェブラリーステークス,9,0,2,シャールズスパイト,jra_シャールズスパイト_2023,4,M,58.0,J.モレイラ,97.2,37.6
jra_2023_フェブラリーステークス_東京,2023-02-19,東京,ダート,良,晴,0,G1,フェブラリーステークス,10,0,3,ケンシンコウ,jra_ケンシンコウ_2023,4,M,58.0,T.バシュロ,97.3,37.5
jra_2023_フェブラリーステークス_東京,2023-02-19,東京,ダート,良,晴,0,G1,フェブラリーステークス,11,0,12,セキフウ,jra_セキフウ_2023,4,M,58.0,M.デムーロ,97.3,37.9
jra_2023_フェブラリーステークス_東京,2023-02-19,東京,ダート,良,晴,0,G1,フェブラリーステークス,12,0,5,オーヴェルニュ,jra_オーヴェルニュ_2023,4,M,58.0,福永 祐一,97.4,37.6
jra_2023_フェブラリーステークス_東京,2023-02-19,東京,ダート,良,晴,0,G1,フェブラリーステークス,13,0,16,ケイアイターコイズ,jra_ケイアイターコイズ_2023,4,M,58.0,横山 和生,97.5,38.3
jra_2023_フェブラリーステークス_東京,2023-02-19,東京,ダート,良,晴,0,G1,フェブラリーステークス,14,0,10,テイエムサウスダン,jra_テイエムサウスダン_2023,4,M,58.0,C.ルメール,98.1,38.5
jra_2023_フェブラリーステークス_東京,2023-02-19,東京,ダート,良,晴,0,G1,フェブラリーステークス,15,0,9,ショウナンナデシコ,jra_ショウナンナデシコ_2023,4,F,56.0,横山 武史,98.8,39.7
jra_2023_フェブラリーステークス_東京,2023-02-19,東京,ダート,良,晴,0,G1,フェブラリーステークス,16,0,1,ジャスパープリンス,jra_ジャスパープリンス_2023,4,M,58.0,田中 勝春,99.2,39.8
jra_2024_フェブラリーステークス_東京,2024-02-18,東京,ダート,良,晴,1000,G1,フェブラリーステークス,1,0,9,ペプチドナイル,jra_ペプチドナイル_2024,4,M,58.0,藤岡 佑介,95.7,37.5
jra_2024_フェブラリーステークス_東京,2024-02-18,東京,ダート,良,晴,1000,G1,フェブラリーステークス,2,0,7,ガイアフォース,jra_ガイアフォース_2024,4,M,58.0,長岡 禎仁,95.9,37.2
jra_2024_フェブラリーステークス_東京,2024-02-18,東京,ダート,良,晴,1000,G1,フェブラリーステークス,3,0,8,セキフウ,jra_セキフウ_2024,4,M,58.0,武 豊,95.9,36.4
jra_2024_フェブラリーステークス_東京,2024-02-18,東京,ダート,良,晴,1000,G1,フェブラリーステークス,4,0,10,タガノビューティー,jra_タガノビューティー_2024,4,M,58.0,石橋 脩,95.9,37.0
jra_2024_フェブラリーステークス_東京,2024-02-18,東京,ダート,良,晴,1000,G1,フェブラリーステークス,5,0,11,キングズソード,jra_キングズソード_2024,4,M,58.0,岩田 望来,96.0,37.0
jra_2024_フェブラリーステークス_東京,2024-02-18,東京,ダート,良,晴,1000,G1,フェブラリーステークス,6,0,13,レッドルゼル,jra_レッドルゼル_2024,4,M,58.0,北村 友一,96.5,36.9
jra_2024_フェブラリーステークス_東京,2024-02-18,東京,ダート,良,晴,1000,G1,フェブラリーステークス,7,0,3,ミックファイア,jra_ミックファイア_2024,4,M,58.0,矢野 貴之,96.5,37.6
jra_2024_フェブラリーステークス_東京,2024-02-18,東京,ダート,良,晴,1000,G1,フェブラリーステークス,8,0,14,ウィルソンテソーロ,jra_ウィルソンテソーロ_2024,4,M,58.0,松山 弘平,96.6,38.5
jra_2024_フェブラリーステークス_東京,2024-02-18,東京,ダート,良,晴,1000,G1,フェブラリーステークス,9,0,15,ドンフランキー,jra_ドンフランキー_2024,4,M,58.0,池添 謙一,96.6,38.7
jra_2024_フェブラリーステークス_東京,2024-02-18,東京,ダート,良,晴,1000,G1,フェブラリーステークス,10,0,16,アルファマム,jra_アルファマム_2024,4,F,56.0,R.キング,96.7,37.0
jra_2024_フェブラリーステークス_東京,2024-02-18,東京,ダート,良,晴,1000,G1,フェブラリーステークス,11,0,1,イグナイター,jra_イグナイター_2024,4,M,58.0,西村 淳也,96.7,38.6
jra_2024_フェブラリーステークス_東京,2024-02-18,東京,ダート,良,晴,1000,G1,フェブラリーステークス,12,0,4,ドゥラエレーデ,jra_ドゥラエレーデ_2024,4,M,58.0,B.ムルザバエフ,96.8,38.5
jra_2024_フェブラリーステークス_東京,2024-02-18,東京,ダート,良,晴,1000,G1,フェブラリーステークス,13,0,12,スピーディキック,jra_スピーディキック_2024,4,F,56.0,御神本 訓史,97.7,38.9
jra_2024_フェブラリーステークス_東京,2024-02-18,東京,ダート,良,晴,1000,G1,フェブラリーステークス,14,0,5,オメガギネス,jra_オメガギネス_2024,4,M,58.0,C.ルメール,98.0,39.5
jra_2024_フェブラリーステークス_東京,2024-02-18,東京,ダート,良,晴,1000,G1,フェブラリーステークス,15,0,6,カラテ,jra_カラテ_2024,4,M,58.0,菅原 明良,98.3,39.2
jra_2024_フェブラリーステークス_東京,2024-02-18,東京,ダート,良,晴,1000,G1,フェブラリーステークス,16,0,2,シャンパンカラー,jra_シャンパンカラー_2024,4,M,58.0,内田 博幸,98.4,40.0
jra_2010_優駿牝馬オークス_東京,2010-05-01,東京,芝,稍重,雨,2400,G1,優駿牝馬（オークス）,1,0,17,アパパネ,jra_アパパネ_2010,4,F,55.0,,0.0,35.2
jra_2010_優駿牝馬オークス_東京,2010-05-01,東京,芝,稍重,雨,2400,G1,優駿牝馬（オークス）,1,0,18,サンテミリオン,jra_サンテミリオン_2010,4,F,55.0,,0.0,35.3
jra_2010_優駿牝馬オークス_東京,2010-05-01,東京,芝,稍重,雨,2400,G1,優駿牝馬（オークス）,3,0,2,アグネスワルツ,jra_アグネスワルツ_2010,4,F,55.0,,0.0,36.1
jra_2010_優駿牝馬オークス_東京,2010-05-01,東京,芝,稍重,雨,2400,G1,優駿牝馬（オークス）,4,0,13,アニメイトバイオ,jra_アニメイトバイオ_2010,4,F,55.0,,0.0,35.4
jra_2010_優駿牝馬オークス_東京,2010-05-01,東京,芝,稍重,雨,2400,G1,優駿牝馬（オークス）,5,0,6,オウケンサクラ,jra_オウケンサクラ_2010,4,F,55.0,,0.0,35.6
jra_2010_優駿牝馬オークス_東京,2010-05-01,東京,芝,稍重,雨,2400,G1,優駿牝馬（オークス）,6,0,3,アプリコットフィズ,jra_アプリコットフィズ_2010,4,F,55.0,,0.0,36.0
jra_2010_優駿牝馬オークス_東京,2010-05-01,東京,芝,稍重,雨,2400,G1,優駿牝馬（オークス）,7,0,11,ブルーミングアレー,jra_ブルーミングアレー_2010,4,F,55.0,,0.0,35.9
jra_2010_優駿牝馬オークス_東京,2010-05-01,東京,芝,稍重,雨,2400,G1,優駿牝馬（オークス）,8,0,9,モーニングフェイス,jra_モーニングフェイス_2010,4,F,55.0,,0.0,36.8
jra_2010_優駿牝馬オークス_東京,2010-05-01,東京,芝,稍重,雨,2400,G1,優駿牝馬（オークス）,9,0,10,タガノエリザベート,jra_タガノエリザベート_2010,4,F,55.0,,0.0,37.5
jra_2010_優駿牝馬オークス_東京,2010-05-01,東京,芝,稍重,雨,2400,G1,優駿牝馬（オークス）,10,0,5,ギンザボナンザ,jra_ギンザボナンザ_2010,4,F,55.0,,0.0,37.5
jra_2010_優駿牝馬オークス_東京,2010-05-01,東京,芝,稍重,雨,2400,G1,優駿牝馬（オークス）,11,0,14,シンメイフジ,jra_シンメイフジ_2010,4,F,55.0,,0.0,37.1
jra_2010_優駿牝馬オークス_東京,2010-05-01,東京,芝,稍重,雨,2400,G1,優駿牝馬（オークス）,12,0,12,トレノエンジェル,jra_トレノエンジェル_2010,4,F,55.0,,0.0,37.5
jra_2010_優駿牝馬オークス_東京,2010-05-01,東京,芝,稍重,雨,2400,G1,優駿牝馬（オークス）,13,0,8,プリンセスメモリー,jra_プリンセスメモリー_2010,4,F,55.0,,0.0,37.5
jra_2010_優駿牝馬オークス_東京,2010-05-01,東京,芝,稍重,雨,2400,G1,優駿牝馬（オークス）,14,0,15,エーシンリターンズ,jra_エーシンリターンズ_2010,4,F,55.0,,0.0,38.2
jra_2010_優駿牝馬オークス_東京,2010-05-01,東京,芝,稍重,雨,2400,G1,優駿牝馬（オークス）,15,0,1,コスモネモシン,jra_コスモネモシン_2010,4,F,55.0,,0.0,38.4
jra_2010_優駿牝馬オークス_東京,2010-05-01,東京,芝,稍重,雨,2400,G1,優駿牝馬（オークス）,16,0,16,ステラリード,jra_ステラリード_2010,4,F,55.0,,0.0,37.9
jra_2010_優駿牝馬オークス_東京,2010-05-01,東京,芝,稍重,雨,2400,G1,優駿牝馬（オークス）,17,0,4,ショウリュウムーン,jra_ショウリュウムーン_2010,4,F,55.0,,0.0,38.8
jra_2010_優駿牝馬オークス_東京,2010-05-01,東京,芝,稍重,雨,2400,G1,優駿牝馬（オークス）,18,0,7,ニーマルオトメ,jra_ニーマルオトメ_2010,4,F,55.0,,0.0,40.6
jra_2011_優駿牝馬オークス_東京,2011-05-01,東京,芝,良,雨,2400,G1,優駿牝馬（オークス）,1,0,4,エリンコート,jra_エリンコート_2011,4,F,55.0,,0.0,34.5
jra_2011_優駿牝馬オークス_東京,2011-05-01,東京,芝,良,雨,2400,G1,優駿牝馬（オークス）,2,0,18,ピュアブリーゼ,jra_ピュアブリーゼ_2011,4,F,55.0,,0.0,35.3
jra_2011_優駿牝馬オークス_東京,2011-05-01,東京,芝,良,雨,2400,G1,優駿牝馬（オークス）,3,0,12,ホエールキャプチャ,jra_ホエールキャプチャ_2011,4,F,55.0,,0.0,34.0
jra_2011_優駿牝馬オークス_東京,2011-05-01,東京,芝,良,雨,2400,G1,優駿牝馬（オークス）,4,0,9,マルセリーナ,jra_マルセリーナ_2011,4,F,55.0,,0.0,34.3
jra_2011_優駿牝馬オークス_東京,2011-05-01,東京,芝,良,雨,2400,G1,優駿牝馬（オークス）,5,0,14,スピードリッパー,jra_スピードリッパー_2011,4,F,55.0,,0.0,35.2
jra_2011_優駿牝馬オークス_東京,2011-05-01,東京,芝,良,雨,2400,G1,優駿牝馬（オークス）,6,0,17,マイネイサベル,jra_マイネイサベル_2011,4,F,55.0,,0.0,34.8
jra_2011_優駿牝馬オークス_東京,2011-05-01,東京,芝,良,雨,2400,G1,優駿牝馬（オークス）,7,0,11,アカンサス,jra_アカンサス_2011,4,F,55.0,,0.0,34.4
jra_2011_優駿牝馬オークス_東京,2011-05-01,東京,芝,良,雨,2400,G1,優駿牝馬（オークス）,8,0,15,ハッピーグラス,jra_ハッピーグラス_2011,4,F,55.0,,0.0,35.1
jra_2011_優駿牝馬オークス_東京,2011-05-01,東京,芝,良,雨,2400,G1,優駿牝馬（オークス）,9,0,1,ハブルバブル,jra_ハブルバブル_2011,4,F,55.0,,0.0,35.3
jra_2011_優駿牝馬オークス_東京,2011-05-01,東京,芝,良,雨,2400,G1,優駿牝馬（オークス）,10,0,10,デルマドゥルガー,jra_デルマドゥルガー_2011,4,F,55.0,,0.0,35.3
jra_2011_優駿牝馬オークス_東京,2011-05-01,東京,芝,良,雨,2400,G1,優駿牝馬（オークス）,11,0,2,メデタシ,jra_メデタシ_2011,4,F,55.0,,0.0,35.1
jra_2011_優駿牝馬オークス_東京,2011-05-01,東京,芝,良,雨,2400,G1,優駿牝馬（オークス）,12,0,8,マイネソルシエール,jra_マイネソルシエール_2011,4,F,55.0,,0.0,36.0
jra_2011_優駿牝馬オークス_東京,2011-05-01,東京,芝,良,雨,2400,G1,優駿牝馬（オークス）,13,0,7,ライステラス,jra_ライステラス_2011,4,F,55.0,,0.0,36.2
jra_2011_優駿牝馬オークス_東京,2011-05-01,東京,芝,良,雨,2400,G1,優駿牝馬（オークス）,14,0,16,グルヴェイグ,jra_グルヴェイグ_2011,4,F,55.0,,0.0,35.4
jra_2011_優駿牝馬オークス_東京,2011-05-01,東京,芝,良,雨,2400,G1,優駿牝馬（オークス）,15,0,6,サイレントソニック,jra_サイレントソニック_2011,4,F,55.0,,0.0,35.2
jra_2011_優駿牝馬オークス_東京,2011-05-01,東京,芝,良,雨,2400,G1,優駿牝馬（オークス）,16,0,5,カルマート,jra_カルマート_2011,4,F,55.0,,0.0,36.3
jra_2011_優駿牝馬オークス_東京,2011-05-01,東京,芝,良,雨,2400,G1,優駿牝馬（オークス）,17,0,3,バウンシーチューン,jra_バウンシーチューン_2011,4,F,55.0,,0.0,36.6
jra_2011_優駿牝馬オークス_東京,2011-05-01,東京,芝,良,雨,2400,G1,優駿牝馬（オークス）,18,0,13,シシリアンブリーズ,jra_シシリアンブリーズ_2011,4,F,55.0,,0.0,38.0
jra_2012_優駿牝馬オークス_東京,2012-05-01,東京,芝,良,晴,2400,G1,優駿牝馬（オークス）,1,0,14,ジェンティルドンナ,jra_ジェンティルドンナ_2012,4,F,55.0,,0.0,34.2
jra_2012_優駿牝馬オークス_東京,2012-05-01,東京,芝,良,晴,2400,G1,優駿牝馬（オークス）,2,0,9,ヴィルシーナ,jra_ヴィルシーナ_2012,4,F,55.0,,0.0,35.3
jra_2012_優駿牝馬オークス_東京,2012-05-01,東京,芝,良,晴,2400,G1,優駿牝馬（オークス）,3,0,3,アイスフォーリス,jra_アイスフォーリス_2012,4,F,55.0,,0.0,35.6
jra_2012_優駿牝馬オークス_東京,2012-05-01,東京,芝,良,晴,2400,G1,優駿牝馬（オークス）,4,0,1,アイムユアーズ,jra_アイムユアーズ_2012,4,F,55.0,,0.0,35.9
jra_2012_優駿牝馬オークス_東京,2012-05-01,東京,芝,良,晴,2400,G1,優駿牝馬（オークス）,5,0,15,サンキューアスク,jra_サンキューアスク_2012,4,F,55.0,,0.0,35.5
jra_2012_優駿牝馬オークス_東京,2012-05-01,東京,芝,良,晴,2400,G1,優駿牝馬（オークス）,6,0,7,ダイワズーム,jra_ダイワズーム_2012,4,F,55.0,,0.0,35.4
jra_2012_優駿牝馬オークス_東京,2012-05-01,東京,芝,良,晴,2400,G1,優駿牝馬（オークス）,7,0,10,ハナズゴール,jra_ハナズゴール_2012,4,F,55.0,,0.0,35.2
jra_2012_優駿牝馬オークス_東京,2012-05-01,東京,芝,良,晴,2400,G1,優駿牝馬（オークス）,8,0,13,サンシャイン,jra_サンシャイン_2012,4,F,55.0,,0.0,36.3
jra_2012_優駿牝馬オークス_東京,2012-05-01,東京,芝,良,晴,2400,G1,優駿牝馬（オークス）,9,0,5,メイショウスザンナ,jra_メイショウスザンナ_2012,4,F,55.0,,0.0,35.8
jra_2012_優駿牝馬オークス_東京,2012-05-01,東京,芝,良,晴,2400,G1,優駿牝馬（オークス）,10,0,17,トーセンベニザクラ,jra_トーセンベニザクラ_2012,4,F,55.0,,0.0,36.6
jra_2012_優駿牝馬オークス_東京,2012-05-01,東京,芝,良,晴,2400,G1,優駿牝馬（オークス）,11,0,6,ダイワデッセー,jra_ダイワデッセー_2012,4,F,55.0,,0.0,36.2
jra_2012_優駿牝馬オークス_東京,2012-05-01,東京,芝,良,晴,2400,G1,優駿牝馬（オークス）,12,0,4,オメガハートランド,jra_オメガハートランド_2012,4,F,55.0,,0.0,36.8
jra_2012_優駿牝馬オークス_東京,2012-05-01,東京,芝,良,晴,2400,G1,優駿牝馬（オークス）,13,0,8,ミッドサマーフェア,jra_ミッドサマーフェア_2012,4,F,55.0,,0.0,36.4
jra_2012_優駿牝馬オークス_東京,2012-05-01,東京,芝,良,晴,2400,G1,優駿牝馬（オークス）,14,0,16,キャトルフィーユ,jra_キャトルフィーユ_2012,4,F,55.0,,0.0,36.6
jra_2012_優駿牝馬オークス_東京,2012-05-01,東京,芝,良,晴,2400,G1,優駿牝馬（オークス）,15,0,11,チェリーメドゥーサ,jra_チェリーメドゥーサ_2012,4,F,55.0,,0.0,36.3
jra_2012_優駿牝馬オークス_東京,2012-05-01,東京,芝,良,晴,2400,G1,優駿牝馬（オークス）,16,0,12,エピセアローム,jra_エピセアローム_2012,4,F,55.0,,0.0,38.6
jra_2012_優駿牝馬オークス_東京,2012-05-01,東京,芝,良,晴,2400,G1,優駿牝馬（オークス）,17,0,2,マイネエポナ,jra_マイネエポナ_2012,4,F,55.0,,0.0,39.4
jra_2012_優駿牝馬オークス_東京,2012-05-01,東京,芝,良,晴,2400,G1,優駿牝馬（オークス）,18,0,18,ココロチラリ,jra_ココロチラリ_2012,4,F,55.0,,0.0,41.2
jra_2013_優駿牝馬オークス_東京,2013-05-19,東京,芝,良,晴,2400,G1,優駿牝馬（オークス）,1,0,3,メイショウマンボ,jra_メイショウマンボ_2013,4,F,55.0,,0.0,34.6
jra_2013_優駿牝馬オークス_東京,2013-05-19,東京,芝,良,晴,2400,G1,優駿牝馬（オークス）,2,0,13,エバーブロッサム,jra_エバーブロッサム_2013,4,F,55.0,,0.0,34.6
jra_2013_優駿牝馬オークス_東京,2013-05-19,東京,芝,良,晴,2400,G1,優駿牝馬（オークス）,3,0,5,デニムアンドルビー,jra_デニムアンドルビー_2013,4,F,55.0,,0.0,34.7
jra_2013_優駿牝馬オークス_東京,2013-05-19,東京,芝,良,晴,2400,G1,優駿牝馬（オークス）,4,0,4,アユサン,jra_アユサン_2013,4,F,55.0,,0.0,35.1
jra_2013_優駿牝馬オークス_東京,2013-05-19,東京,芝,良,晴,2400,G1,優駿牝馬（オークス）,5,0,12,フロアクラフト,jra_フロアクラフト_2013,4,F,55.0,,0.0,36.0
jra_2013_優駿牝馬オークス_東京,2013-05-19,東京,芝,良,晴,2400,G1,優駿牝馬（オークス）,6,0,7,ティアーモ,jra_ティアーモ_2013,4,F,55.0,,0.0,35.9
jra_2013_優駿牝馬オークス_東京,2013-05-19,東京,芝,良,晴,2400,G1,優駿牝馬（オークス）,7,0,17,スイートサルサ,jra_スイートサルサ_2013,4,F,55.0,,0.0,35.5
jra_2013_優駿牝馬オークス_東京,2013-05-19,東京,芝,良,晴,2400,G1,優駿牝馬（オークス）,8,0,10,リラコサージュ,jra_リラコサージュ_2013,4,F,55.0,,0.0,35.9
jra_2013_優駿牝馬オークス_東京,2013-05-19,東京,芝,良,晴,2400,G1,優駿牝馬（オークス）,9,0,9,ローブティサージュ,jra_ローブティサージュ_2013,4,F,55.0,,0.0,35.6
jra_2013_優駿牝馬オークス_東京,2013-05-19,東京,芝,良,晴,2400,G1,優駿牝馬（オークス）,10,0,8,ブリリアントアスク,jra_ブリリアントアスク_2013,4,F,55.0,,0.0,35.6
jra_2013_優駿牝馬オークス_東京,2013-05-19,東京,芝,良,晴,2400,G1,優駿牝馬（オークス）,11,0,14,プリンセスジャック,jra_プリンセスジャック_2013,4,F,55.0,,0.0,35.6
jra_2013_優駿牝馬オークス_東京,2013-05-19,東京,芝,良,晴,2400,G1,優駿牝馬（オークス）,12,0,16,クロフネサプライズ,jra_クロフネサプライズ_2013,4,F,55.0,,0.0,37.6
jra_2013_優駿牝馬オークス_東京,2013-05-19,東京,芝,良,晴,2400,G1,優駿牝馬（オークス）,13,0,15,セレブリティモデル,jra_セレブリティモデル_2013,4,F,55.0,,0.0,35.9
jra_2013_優駿牝馬オークス_東京,2013-05-19,東京,芝,良,晴,2400,G1,優駿牝馬（オークス）,14,0,6,サクラプレジール,jra_サクラプレジール_2013,4,F,55.0,,0.0,37.4
jra_2013_優駿牝馬オークス_東京,2013-05-19,東京,芝,良,晴,2400,G1,優駿牝馬（オークス）,15,0,18,トーセンソレイユ,jra_トーセンソレイユ_2013,4,F,55.0,,0.0,37.8
jra_2013_優駿牝馬オークス_東京,2013-05-19,東京,芝,良,晴,2400,G1,優駿牝馬（オークス）,16,0,2,ブリュネット,jra_ブリュネット_2013,4,F,55.0,,0.0,36.2
jra_2013_優駿牝馬オークス_東京,2013-05-19,東京,芝,良,晴,2400,G1,優駿牝馬（オークス）,17,0,1,レッドオーヴァル,jra_レッドオーヴァル_2013,4,F,55.0,,0.0,36.8
jra_2013_優駿牝馬オークス_東京,2013-05-19,東京,芝,良,晴,2400,G1,優駿牝馬（オークス）,18,0,11,クラウンロゼ,jra_クラウンロゼ_2013,4,F,55.0,,0.0,38.9
jra_2014_優駿牝馬オークス_東京,2014-05-25,東京,芝,良,晴,2400,G1,優駿牝馬（オークス）,1,0,9,ヌーヴォレコルト,jra_ヌーヴォレコルト_2014,4,F,55.0,,0.0,34.2
jra_2014_優駿牝馬オークス_東京,2014-05-25,東京,芝,良,晴,2400,G1,優駿牝馬（オークス）,2,0,10,ハープスター,jra_ハープスター_2014,4,F,55.0,,0.0,33.6
jra_2014_優駿牝馬オークス_東京,2014-05-25,東京,芝,良,晴,2400,G1,優駿牝馬（オークス）,3,0,5,バウンスシャッセ,jra_バウンスシャッセ_2014,4,F,55.0,,0.0,34.4
jra_2014_優駿牝馬オークス_東京,2014-05-25,東京,芝,良,晴,2400,G1,優駿牝馬（オークス）,4,0,13,ニシノアカツキ,jra_ニシノアカツキ_2014,4,F,55.0,,0.0,34.0
jra_2014_優駿牝馬オークス_東京,2014-05-25,東京,芝,良,晴,2400,G1,優駿牝馬（オークス）,5,0,14,ブランネージュ,jra_ブランネージュ_2014,4,F,55.0,,0.0,35.1
jra_2014_優駿牝馬オークス_東京,2014-05-25,東京,芝,良,晴,2400,G1,優駿牝馬（オークス）,6,0,11,マーブルカテドラル,jra_マーブルカテドラル_2014,4,F,55.0,,0.0,35.6
jra_2014_優駿牝馬オークス_東京,2014-05-25,東京,芝,良,晴,2400,G1,優駿牝馬（オークス）,7,0,8,サングレアル,jra_サングレアル_2014,4,F,55.0,,0.0,35.1
jra_2014_優駿牝馬オークス_東京,2014-05-25,東京,芝,良,晴,2400,G1,優駿牝馬（オークス）,8,0,3,マイネオーラム,jra_マイネオーラム_2014,4,F,55.0,,0.0,35.1
jra_2014_優駿牝馬オークス_東京,2014-05-25,東京,芝,良,晴,2400,G1,優駿牝馬（オークス）,9,0,12,マイネグレヴィル,jra_マイネグレヴィル_2014,4,F,55.0,,0.0,36.1
jra_2014_優駿牝馬オークス_東京,2014-05-25,東京,芝,良,晴,2400,G1,優駿牝馬（オークス）,10,0,1,ベッラレジーナ,jra_ベッラレジーナ_2014,4,F,55.0,,0.0,34.8
jra_2014_優駿牝馬オークス_東京,2014-05-25,東京,芝,良,晴,2400,G1,優駿牝馬（オークス）,11,0,17,フォーエバーモア,jra_フォーエバーモア_2014,4,F,55.0,,0.0,35.8
jra_2014_優駿牝馬オークス_東京,2014-05-25,東京,芝,良,晴,2400,G1,優駿牝馬（オークス）,12,0,16,クリスマス,jra_クリスマス_2014,4,F,55.0,,0.0,35.1
jra_2014_優駿牝馬オークス_東京,2014-05-25,東京,芝,良,晴,2400,G1,優駿牝馬（オークス）,13,0,15,マジックタイム,jra_マジックタイム_2014,4,F,55.0,,0.0,36.5
jra_2014_優駿牝馬オークス_東京,2014-05-25,東京,芝,良,晴,2400,G1,優駿牝馬（オークス）,14,0,7,シャイニーガール,jra_シャイニーガール_2014,4,F,55.0,,0.0,35.9
jra_2014_優駿牝馬オークス_東京,2014-05-25,東京,芝,良,晴,2400,G1,優駿牝馬（オークス）,15,0,2,ディルガ,jra_ディルガ_2014,4,F,55.0,,0.0,35.9
jra_2014_優駿牝馬オークス_東京,2014-05-25,東京,芝,良,晴,2400,G1,優駿牝馬（オークス）,16,0,6,パシフィックギャル,jra_パシフィックギャル_2014,4,F,55.0,,0.0,36.6
jra_2014_優駿牝馬オークス_東京,2014-05-25,東京,芝,良,晴,2400,G1,優駿牝馬（オークス）,17,0,4,ペイシャフェリス,jra_ペイシャフェリス_2014,4,F,55.0,,0.0,38.3
jra_2014_優駿牝馬オークス_東京,2014-05-25,東京,芝,良,晴,2400,G1,優駿牝馬（オークス）,18,0,18,エリーザベスト,jra_エリーザベスト_2014,4,F,55.0,,0.0,40.9
jra_2015_優駿牝馬オークス_東京,2015-05-24,東京,芝,良,晴,2400,G1,優駿牝馬（オークス）,1,0,10,ミッキークイーン,jra_ミッキークイーン_2015,4,F,55.0,,0.0,34.0
jra_2015_優駿牝馬オークス_東京,2015-05-24,東京,芝,良,晴,2400,G1,優駿牝馬（オークス）,2,0,14,ルージュバック,jra_ルージュバック_2015,4,F,55.0,,0.0,34.5
jra_2015_優駿牝馬オークス_東京,2015-05-24,東京,芝,良,晴,2400,G1,優駿牝馬（オークス）,3,0,17,クルミナル,jra_クルミナル_2015,4,F,55.0,,0.0,34.4
jra_2015_優駿牝馬オークス_東京,2015-05-24,東京,芝,良,晴,2400,G1,優駿牝馬（オークス）,4,0,12,アースライズ,jra_アースライズ_2015,4,F,55.0,,0.0,34.3
jra_2015_優駿牝馬オークス_東京,2015-05-24,東京,芝,良,晴,2400,G1,優駿牝馬（オークス）,5,0,13,アンドリエッテ,jra_アンドリエッテ_2015,4,F,55.0,,0.0,34.3
jra_2015_優駿牝馬オークス_東京,2015-05-24,東京,芝,良,晴,2400,G1,優駿牝馬（オークス）,6,0,8,ローデッド,jra_ローデッド_2015,4,F,55.0,,0.0,35.4
jra_2015_優駿牝馬オークス_東京,2015-05-24,東京,芝,良,晴,2400,G1,優駿牝馬（オークス）,7,0,4,ココロノアイ,jra_ココロノアイ_2015,4,F,55.0,,0.0,34.6
jra_2015_優駿牝馬オークス_東京,2015-05-24,東京,芝,良,晴,2400,G1,優駿牝馬（オークス）,8,0,2,マキシマムドパリ,jra_マキシマムドパリ_2015,4,F,55.0,,0.0,34.5
jra_2015_優駿牝馬オークス_東京,2015-05-24,東京,芝,良,晴,2400,G1,優駿牝馬（オークス）,9,0,6,クイーンズリング,jra_クイーンズリング_2015,4,F,55.0,,0.0,34.5
jra_2015_優駿牝馬オークス_東京,2015-05-24,東京,芝,良,晴,2400,G1,優駿牝馬（オークス）,10,0,1,レッツゴードンキ,jra_レッツゴードンキ_2015,4,F,55.0,,0.0,35.2
jra_2015_優駿牝馬オークス_東京,2015-05-24,東京,芝,良,晴,2400,G1,優駿牝馬（オークス）,11,0,18,ディアマイダーリン,jra_ディアマイダーリン_2015,4,F,55.0,,0.0,35.9
jra_2015_優駿牝馬オークス_東京,2015-05-24,東京,芝,良,晴,2400,G1,優駿牝馬（オークス）,12,0,7,キャットコイン,jra_キャットコイン_2015,4,F,55.0,,0.0,34.8
jra_2015_優駿牝馬オークス_東京,2015-05-24,東京,芝,良,晴,2400,G1,優駿牝馬（オークス）,13,0,16,ノットフォーマル,jra_ノットフォーマル_2015,4,F,55.0,,0.0,36.5
jra_2015_優駿牝馬オークス_東京,2015-05-24,東京,芝,良,晴,2400,G1,優駿牝馬（オークス）,14,0,11,ペルフィカ,jra_ペルフィカ_2015,4,F,55.0,,0.0,35.8
jra_2015_優駿牝馬オークス_東京,2015-05-24,東京,芝,良,晴,2400,G1,優駿牝馬（オークス）,15,0,15,トーセンラーク,jra_トーセンラーク_2015,4,F,55.0,,0.0,35.6
jra_2015_優駿牝馬オークス_東京,2015-05-24,東京,芝,良,晴,2400,G1,優駿牝馬（オークス）,16,0,9,コンテッサトゥーレ,jra_コンテッサトゥーレ_2015,4,F,55.0,,0.0,36.5
jra_2015_優駿牝馬オークス_東京,2015-05-24,東京,芝,良,晴,2400,G1,優駿牝馬（オークス）,17,0,5,シングウィズジョイ,jra_シングウィズジョイ_2015,4,F,55.0,,0.0,36.9
jra_2016_優駿牝馬オークス_東京,2016-05-22,東京,芝,良,晴,2400,G1,優駿牝馬（オークス）,1,0,3,シンハライト,jra_シンハライト_2016,4,F,55.0,,0.0,33.5
jra_2016_優駿牝馬オークス_東京,2016-05-22,東京,芝,良,晴,2400,G1,優駿牝馬（オークス）,2,0,13,チェッキーノ,jra_チェッキーノ_2016,4,F,55.0,,0.0,33.5
jra_2016_優駿牝馬オークス_東京,2016-05-22,東京,芝,良,晴,2400,G1,優駿牝馬（オークス）,3,0,14,ビッシュ,jra_ビッシュ_2016,4,F,55.0,,0.0,34.1
jra_2016_優駿牝馬オークス_東京,2016-05-22,東京,芝,良,晴,2400,G1,優駿牝馬（オークス）,4,0,16,ジェラシー,jra_ジェラシー_2016,4,F,55.0,,0.0,33.6
jra_2016_優駿牝馬オークス_東京,2016-05-22,東京,芝,良,晴,2400,G1,優駿牝馬（オークス）,5,0,5,ペプチドサプル,jra_ペプチドサプル_2016,4,F,55.0,,0.0,34.1
jra_2016_優駿牝馬オークス_東京,2016-05-22,東京,芝,良,晴,2400,G1,優駿牝馬（オークス）,6,0,12,フロンテアクイーン,jra_フロンテアクイーン_2016,4,F,55.0,,0.0,34.1
jra_2016_優駿牝馬オークス_東京,2016-05-22,東京,芝,良,晴,2400,G1,優駿牝馬（オークス）,7,0,15,レッドアヴァンセ,jra_レッドアヴァンセ_2016,4,F,55.0,,0.0,34.0
jra_2016_優駿牝馬オークス_東京,2016-05-22,東京,芝,良,晴,2400,G1,優駿牝馬（オークス）,8,0,18,ダイワドレッサー,jra_ダイワドレッサー_2016,4,F,55.0,,0.0,33.7
jra_2016_優駿牝馬オークス_東京,2016-05-22,東京,芝,良,晴,2400,G1,優駿牝馬（オークス）,9,0,8,デンコウアンジュ,jra_デンコウアンジュ_2016,4,F,55.0,,0.0,34.0
jra_2016_優駿牝馬オークス_東京,2016-05-22,東京,芝,良,晴,2400,G1,優駿牝馬（オークス）,10,0,11,エンジェルフェイス,jra_エンジェルフェイス_2016,4,F,55.0,,0.0,35.0
jra_2016_優駿牝馬オークス_東京,2016-05-22,東京,芝,良,晴,2400,G1,優駿牝馬（オークス）,11,0,4,アットザシーサイド,jra_アットザシーサイド_2016,4,F,55.0,,0.0,34.5
jra_2016_優駿牝馬オークス_東京,2016-05-22,東京,芝,良,晴,2400,G1,優駿牝馬（オークス）,12,0,2,アウェイク,jra_アウェイク_2016,4,F,55.0,,0.0,34.9
jra_2016_優駿牝馬オークス_東京,2016-05-22,東京,芝,良,晴,2400,G1,優駿牝馬（オークス）,13,0,17,ロッテンマイヤー,jra_ロッテンマイヤー_2016,4,F,55.0,,0.0,35.5
jra_2016_優駿牝馬オークス_東京,2016-05-22,東京,芝,良,晴,2400,G1,優駿牝馬（オークス）,14,0,9,ウインファビラス,jra_ウインファビラス_2016,4,F,55.0,,0.0,35.5
jra_2016_優駿牝馬オークス_東京,2016-05-22,東京,芝,良,晴,2400,G1,優駿牝馬（オークス）,15,0,6,アドマイヤリード,jra_アドマイヤリード_2016,4,F,55.0,,0.0,34.9
jra_2016_優駿牝馬オークス_東京,2016-05-22,東京,芝,良,晴,2400,G1,優駿牝馬（オークス）,16,0,1,フロムマイハート,jra_フロムマイハート_2016,4,F,55.0,,0.0,35.6
jra_2016_優駿牝馬オークス_東京,2016-05-22,東京,芝,良,晴,2400,G1,優駿牝馬（オークス）,17,0,7,ゲッカコウ,jra_ゲッカコウ_2016,4,F,55.0,,0.0,36.6
jra_2016_優駿牝馬オークス_東京,2016-05-22,東京,芝,良,晴,2400,G1,優駿牝馬（オークス）,18,0,10,ダンツペンダント,jra_ダンツペンダント_2016,4,F,55.0,,0.0,37.6
jra_2017_優駿牝馬オークス_東京,2017-05-21,東京,芝,良,晴,1000,G1,優駿牝馬（オークス）,1,0,2,ソウルスターリング,jra_ソウルスターリング_2017,4,F,55.0,,0.0,34.1
jra_2017_優駿牝馬オークス_東京,2017-05-21,東京,芝,良,晴,1000,G1,優駿牝馬（オークス）,2,0,1,モズカッチャン,jra_モズカッチャン_2017,4,F,55.0,,0.0,34.1
jra_2017_優駿牝馬オークス_東京,2017-05-21,東京,芝,良,晴,1000,G1,優駿牝馬（オークス）,3,0,16,アドマイヤミヤビ,jra_アドマイヤミヤビ_2017,4,F,55.0,,0.0,33.9
jra_2017_優駿牝馬オークス_東京,2017-05-21,東京,芝,良,晴,1000,G1,優駿牝馬（オークス）,4,0,7,ディアドラ,jra_ディアドラ_2017,4,F,55.0,,0.0,33.9
jra_2017_優駿牝馬オークス_東京,2017-05-21,東京,芝,良,晴,1000,G1,優駿牝馬（オークス）,5,0,14,リスグラシュー,jra_リスグラシュー_2017,4,F,55.0,,0.0,34.2
jra_2017_優駿牝馬オークス_東京,2017-05-21,東京,芝,良,晴,1000,G1,優駿牝馬（オークス）,6,0,3,フローレスマジック,jra_フローレスマジック_2017,4,F,55.0,,0.0,35.0
jra_2017_優駿牝馬オークス_東京,2017-05-21,東京,芝,良,晴,1000,G1,優駿牝馬（オークス）,7,0,12,ブラックオニキス,jra_ブラックオニキス_2017,4,F,55.0,,0.0,35.1
jra_2017_優駿牝馬オークス_東京,2017-05-21,東京,芝,良,晴,1000,G1,優駿牝馬（オークス）,8,0,18,マナローラ,jra_マナローラ_2017,4,F,55.0,,0.0,34.5
jra_2017_優駿牝馬オークス_東京,2017-05-21,東京,芝,良,晴,1000,G1,優駿牝馬（オークス）,9,0,10,ブラックスビーチ,jra_ブラックスビーチ_2017,4,F,55.0,,0.0,35.0
jra_2017_優駿牝馬オークス_東京,2017-05-21,東京,芝,良,晴,1000,G1,優駿牝馬（オークス）,10,0,4,ミスパンテール,jra_ミスパンテール_2017,4,F,55.0,,0.0,35.6
jra_2017_優駿牝馬オークス_東京,2017-05-21,東京,芝,良,晴,1000,G1,優駿牝馬（オークス）,11,0,17,カリビアンゴールド,jra_カリビアンゴールド_2017,4,F,55.0,,0.0,35.3
jra_2017_優駿牝馬オークス_東京,2017-05-21,東京,芝,良,晴,1000,G1,優駿牝馬（オークス）,12,0,5,モーヴサファイア,jra_モーヴサファイア_2017,4,F,55.0,,0.0,35.1
jra_2017_優駿牝馬オークス_東京,2017-05-21,東京,芝,良,晴,1000,G1,優駿牝馬（オークス）,13,0,13,レーヌミノル,jra_レーヌミノル_2017,4,F,55.0,,0.0,35.8
jra_2017_優駿牝馬オークス_東京,2017-05-21,東京,芝,良,晴,1000,G1,優駿牝馬（オークス）,14,0,6,ハローユニコーン,jra_ハローユニコーン_2017,4,F,55.0,,0.0,34.9
jra_2017_優駿牝馬オークス_東京,2017-05-21,東京,芝,良,晴,1000,G1,優駿牝馬（オークス）,15,0,11,レッドコルディス,jra_レッドコルディス_2017,4,F,55.0,,0.0,35.3
jra_2017_優駿牝馬オークス_東京,2017-05-21,東京,芝,良,晴,1000,G1,優駿牝馬（オークス）,16,0,8,ホウオウパフューム,jra_ホウオウパフューム_2017,4,F,55.0,,0.0,36.1
jra_2017_優駿牝馬オークス_東京,2017-05-21,東京,芝,良,晴,1000,G1,優駿牝馬（オークス）,17,0,9,ディーパワンサ,jra_ディーパワンサ_2017,4,F,55.0,,0.0,35.7
jra_2017_優駿牝馬オークス_東京,2017-05-21,東京,芝,良,晴,1000,G1,優駿牝馬（オークス）,18,0,15,ヤマカツグレース,jra_ヤマカツグレース_2017,4,F,55.0,,0.0,37.8
jra_2019_優駿牝馬オークス_東京,2019-05-19,東京,芝,良,晴,0,G1,優駿牝馬（オークス）,1,0,13,ラヴズオンリーユー,jra_ラヴズオンリーユー_2019,4,F,55.0,M.デムーロ,142.8,34.5
jra_2019_優駿牝馬オークス_東京,2019-05-19,東京,芝,良,晴,0,G1,優駿牝馬（オークス）,2,0,10,カレンブーケドール,jra_カレンブーケドール_2019,4,F,55.0,津村 明秀,142.8,35.1
jra_2019_優駿牝馬オークス_東京,2019-05-19,東京,芝,良,晴,0,G1,優駿牝馬（オークス）,3,0,2,クロノジェネシス,jra_クロノジェネシス_2019,4,F,55.0,北村 友一,143.2,35.4
jra_2019_優駿牝馬オークス_東京,2019-05-19,東京,芝,良,晴,0,G1,優駿牝馬（オークス）,4,0,12,ウィクトーリア,jra_ウィクトーリア_2019,4,F,55.0,戸崎 圭太,143.3,34.6
jra_2019_優駿牝馬オークス_東京,2019-05-19,東京,芝,良,晴,0,G1,優駿牝馬（オークス）,5,0,8,ダノンファンタジー,jra_ダノンファンタジー_2019,4,F,55.0,川田 将雅,143.3,35.5
jra_2019_優駿牝馬オークス_東京,2019-05-19,東京,芝,良,晴,0,G1,優駿牝馬（オークス）,6,0,7,シャドウディーヴァ,jra_シャドウディーヴァ_2019,4,F,55.0,岩田 康誠,143.3,35.3
jra_2019_優駿牝馬オークス_東京,2019-05-19,東京,芝,良,晴,0,G1,優駿牝馬（オークス）,7,0,4,シェーングランツ,jra_シェーングランツ_2019,4,F,55.0,武 豊,143.5,34.8
jra_2019_優駿牝馬オークス_東京,2019-05-19,東京,芝,良,晴,0,G1,優駿牝馬（オークス）,8,0,6,アクアミラビリス,jra_アクアミラビリス_2019,4,F,55.0,藤岡 佑介,143.9,35.0
jra_2019_優駿牝馬オークス_東京,2019-05-19,東京,芝,良,晴,0,G1,優駿牝馬（オークス）,9,0,3,コントラチェック,jra_コントラチェック_2019,4,F,55.0,D.レーン,144.5,37.0
jra_2019_優駿牝馬オークス_東京,2019-05-19,東京,芝,良,晴,0,G1,優駿牝馬（オークス）,10,0,18,フィリアプーラ,jra_フィリアプーラ_2019,4,F,55.0,丸山 元気,144.7,36.0
jra_2019_優駿牝馬オークス_東京,2019-05-19,東京,芝,良,晴,0,G1,優駿牝馬（オークス）,11,0,5,エールヴォア,jra_エールヴォア_2019,4,F,55.0,松山 弘平,145.0,37.5
jra_2019_優駿牝馬オークス_東京,2019-05-19,東京,芝,良,晴,0,G1,優駿牝馬（オークス）,12,0,11,シゲルピンクダイヤ,jra_シゲルピンクダイヤ_2019,4,F,55.0,和田 竜二,145.2,36.9
jra_2019_優駿牝馬オークス_東京,2019-05-19,東京,芝,良,晴,0,G1,優駿牝馬（オークス）,13,0,9,ウインゼノビア,jra_ウインゼノビア_2019,4,F,55.0,松岡 正海,145.3,37.0
jra_2019_優駿牝馬オークス_東京,2019-05-19,東京,芝,良,晴,0,G1,優駿牝馬（オークス）,14,0,1,ジョディー,jra_ジョディー_2019,4,F,55.0,武藤 雅,145.9,38.4
jra_2019_優駿牝馬オークス_東京,2019-05-19,東京,芝,良,晴,0,G1,優駿牝馬（オークス）,15,0,16,ビーチサンバ,jra_ビーチサンバ_2019,4,F,55.0,福永 祐一,146.0,37.8
jra_2019_優駿牝馬オークス_東京,2019-05-19,東京,芝,良,晴,0,G1,優駿牝馬（オークス）,16,0,14,フェアリーポルカ,jra_フェアリーポルカ_2019,4,F,55.0,幸 英明,146.3,38.3
jra_2019_優駿牝馬オークス_東京,2019-05-19,東京,芝,良,晴,0,G1,優駿牝馬（オークス）,17,0,17,メイショウショウブ,jra_メイショウショウブ_2019,4,F,55.0,池添 謙一,146.6,38.1
jra_2019_優駿牝馬オークス_東京,2019-05-19,東京,芝,良,晴,0,G1,優駿牝馬（オークス）,18,0,15,ノーワン,jra_ノーワン_2019,4,F,55.0,坂井 瑠星,146.7,38.2
jra_2020_優駿牝馬オークス_東京,2020-05-24,東京,芝,良,晴,2400,G1,優駿牝馬（オークス）,1,0,4,デアリングタクト,jra_デアリングタクト_2020,4,F,55.0,松山 弘平,144.4,33.1
jra_2020_優駿牝馬オークス_東京,2020-05-24,東京,芝,良,晴,2400,G1,優駿牝馬（オークス）,2,0,16,ウインマリリン,jra_ウインマリリン_2020,4,F,55.0,横山 典弘,144.5,34.0
jra_2020_優駿牝馬オークス_東京,2020-05-24,東京,芝,良,晴,2400,G1,優駿牝馬（オークス）,3,0,7,ウインマイティー,jra_ウインマイティー_2020,4,F,55.0,和田 竜二,144.6,34.1
jra_2020_優駿牝馬オークス_東京,2020-05-24,東京,芝,良,晴,2400,G1,優駿牝馬（オークス）,4,0,6,リアアメリア,jra_リアアメリア_2020,4,F,55.0,川田 将雅,144.7,33.7
jra_2020_優駿牝馬オークス_東京,2020-05-24,東京,芝,良,晴,2400,G1,優駿牝馬（オークス）,5,0,12,マジックキャッスル,jra_マジックキャッスル_2020,4,F,55.0,浜中 俊,144.8,33.4
jra_2020_優駿牝馬オークス_東京,2020-05-24,東京,芝,良,晴,2400,G1,優駿牝馬（オークス）,6,0,15,チェーンオブラブ,jra_チェーンオブラブ_2020,4,F,55.0,石橋 脩,144.9,33.4
jra_2020_優駿牝馬オークス_東京,2020-05-24,東京,芝,良,晴,2400,G1,優駿牝馬（オークス）,7,0,10,ミヤマザクラ,jra_ミヤマザクラ_2020,4,F,55.0,武 豊,144.9,34.1
jra_2020_優駿牝馬オークス_東京,2020-05-24,東京,芝,良,晴,2400,G1,優駿牝馬（オークス）,8,0,5,ホウオウピースフル,jra_ホウオウピースフル_2020,4,F,55.0,内田 博幸,145.0,34.3
jra_2020_優駿牝馬オークス_東京,2020-05-24,東京,芝,良,晴,2400,G1,優駿牝馬（オークス）,9,0,11,リリーピュアハート,jra_リリーピュアハート_2020,4,F,55.0,福永 祐一,145.1,33.9
jra_2020_優駿牝馬オークス_東京,2020-05-24,東京,芝,良,晴,2400,G1,優駿牝馬（オークス）,10,0,17,マルターズディオサ,jra_マルターズディオサ_2020,4,F,55.0,田辺 裕信,145.1,34.4
jra_2020_優駿牝馬オークス_東京,2020-05-24,東京,芝,良,晴,2400,G1,優駿牝馬（オークス）,11,0,1,デゼル,jra_デゼル_2020,4,F,55.0,D.レーン,145.1,33.8
jra_2020_優駿牝馬オークス_東京,2020-05-24,東京,芝,良,晴,2400,G1,優駿牝馬（オークス）,12,0,13,ウーマンズハート,jra_ウーマンズハート_2020,4,F,55.0,藤岡 康太,145.2,34.2
jra_2020_優駿牝馬オークス_東京,2020-05-24,東京,芝,良,晴,2400,G1,優駿牝馬（オークス）,13,0,18,サンクテュエール,jra_サンクテュエール_2020,4,F,55.0,C.ルメール,145.4,34.1
jra_2020_優駿牝馬オークス_東京,2020-05-24,東京,芝,良,晴,2400,G1,優駿牝馬（オークス）,14,0,14,フィオリキアリ,jra_フィオリキアリ_2020,4,F,55.0,田中 勝春,145.6,35.1
jra_2020_優駿牝馬オークス_東京,2020-05-24,東京,芝,良,晴,2400,G1,優駿牝馬（オークス）,15,0,2,クラヴァシュドール,jra_クラヴァシュドール_2020,4,F,55.0,M.デムーロ,145.7,35.4
jra_2020_優駿牝馬オークス_東京,2020-05-24,東京,芝,良,晴,2400,G1,優駿牝馬（オークス）,16,0,8,スマイルカナ,jra_スマイルカナ_2020,4,F,55.0,柴田 大知,145.8,35.6
jra_2020_優駿牝馬オークス_東京,2020-05-24,東京,芝,良,晴,2400,G1,優駿牝馬（オークス）,17,0,3,アブレイズ,jra_アブレイズ_2020,4,F,55.0,藤井 勘一郎,146.1,35.7
jra_2020_優駿牝馬オークス_東京,2020-05-24,東京,芝,良,晴,2400,G1,優駿牝馬（オークス）,18,0,9,インターミッション,jra_インターミッション_2020,4,F,55.0,石川 裕紀人,146.3,34.7
jra_2021_優駿牝馬オークス_東京,2021-05-23,東京,芝,良,晴,0,G1,優駿牝馬（オークス）,1,0,9,ユーバーレーベン,jra_ユーバーレーベン_2021,4,F,55.0,M.デムーロ,144.5,34.4
jra_2021_優駿牝馬オークス_東京,2021-05-23,東京,芝,良,晴,0,G1,優駿牝馬（オークス）,2,0,7,アカイトリノムスメ,jra_アカイトリノムスメ_2021,4,F,55.0,C.ルメール,144.6,34.4
jra_2021_優駿牝馬オークス_東京,2021-05-23,東京,芝,良,晴,0,G1,優駿牝馬（オークス）,3,0,8,ハギノピリナ,jra_ハギノピリナ_2021,4,F,55.0,藤懸 貴志,144.6,34.3
jra_2021_優駿牝馬オークス_東京,2021-05-23,東京,芝,良,晴,0,G1,優駿牝馬（オークス）,4,0,4,タガノパッション,jra_タガノパッション_2021,4,F,55.0,岩田 康誠,144.8,34.2
jra_2021_優駿牝馬オークス_東京,2021-05-23,東京,芝,良,晴,0,G1,優駿牝馬（オークス）,5,0,15,アールドヴィーヴル,jra_アールドヴィーヴル_2021,4,F,55.0,松山 弘平,144.8,34.5
jra_2021_優駿牝馬オークス_東京,2021-05-23,東京,芝,良,晴,0,G1,優駿牝馬（オークス）,6,0,12,ミヤビハイディ,jra_ミヤビハイディ_2021,4,F,55.0,吉田 豊,145.0,34.3
jra_2021_優駿牝馬オークス_東京,2021-05-23,東京,芝,良,晴,0,G1,優駿牝馬（オークス）,7,0,1,ククナ,jra_ククナ_2021,4,F,55.0,横山 武史,145.0,35.1
jra_2021_優駿牝馬オークス_東京,2021-05-23,東京,芝,良,晴,0,G1,優駿牝馬（オークス）,8,0,11,ソダシ,jra_ソダシ_2021,4,F,55.0,吉田 隼人,145.1,35.1
jra_2021_優駿牝馬オークス_東京,2021-05-23,東京,芝,良,晴,0,G1,優駿牝馬（オークス）,9,0,2,スルーセブンシーズ,jra_スルーセブンシーズ_2021,4,F,55.0,戸崎 圭太,145.2,34.9
jra_2021_優駿牝馬オークス_東京,2021-05-23,東京,芝,良,晴,0,G1,優駿牝馬（オークス）,10,0,3,パープルレディー,jra_パープルレディー_2021,4,F,55.0,田辺 裕信,145.3,34.7
jra_2021_優駿牝馬オークス_東京,2021-05-23,東京,芝,良,晴,0,G1,優駿牝馬（オークス）,11,0,13,ファインルージュ,jra_ファインルージュ_2021,4,F,55.0,福永 祐一,145.5,35.1
jra_2021_優駿牝馬オークス_東京,2021-05-23,東京,芝,良,晴,0,G1,優駿牝馬（オークス）,12,0,17,スライリー,jra_スライリー_2021,4,F,55.0,石川 裕紀人,145.5,35.7
jra_2021_優駿牝馬オークス_東京,2021-05-23,東京,芝,良,晴,0,G1,優駿牝馬（オークス）,13,0,18,ステラリア,jra_ステラリア_2021,4,F,55.0,川田 将雅,145.9,36.1
jra_2021_優駿牝馬オークス_東京,2021-05-23,東京,芝,良,晴,0,G1,優駿牝馬（オークス）,14,0,5,クールキャット,jra_クールキャット_2021,4,F,55.0,武 豊,146.2,36.6
jra_2021_優駿牝馬オークス_東京,2021-05-23,東京,芝,良,晴,0,G1,優駿牝馬（オークス）,15,0,6,ウインアグライア,jra_ウインアグライア_2021,4,F,55.0,和田 竜二,146.4,36.3
jra_2021_優駿牝馬オークス_東京,2021-05-23,東京,芝,良,晴,0,G1,優駿牝馬（オークス）,16,0,16,ニーナドレス,jra_ニーナドレス_2021,4,F,55.0,藤岡 康太,147.9,38.1
jra_2021_優駿牝馬オークス_東京,2021-05-23,東京,芝,良,晴,0,G1,優駿牝馬（オークス）,17,0,14,ストライプ,jra_ストライプ_2021,4,F,55.0,柴田 善臣,148.5,38.7
jra_2021_優駿牝馬オークス_東京,2021-05-23,東京,芝,良,晴,0,G1,優駿牝馬（オークス）,18,0,10,エンスージアズム,jra_エンスージアズム_2021,4,F,55.0,岩田 望来,149.1,38.9
jra_2022_優駿牝馬オークス_東京,2022-05-22,東京,芝,良,晴,1600,G1,優駿牝馬（オークス）,1,0,18,スターズオンアース,jra_スターズオンアース_2022,4,F,55.0,C.ルメール,143.9,33.7
jra_2022_優駿牝馬オークス_東京,2022-05-22,東京,芝,良,晴,1600,G1,優駿牝馬（オークス）,2,0,2,スタニングローズ,jra_スタニングローズ_2022,4,F,55.0,D.レーン,144.1,34.4
jra_2022_優駿牝馬オークス_東京,2022-05-22,東京,芝,良,晴,1600,G1,優駿牝馬（オークス）,3,0,8,ナミュール,jra_ナミュール_2022,4,F,55.0,横山 武史,144.3,34.0
jra_2022_優駿牝馬オークス_東京,2022-05-22,東京,芝,良,晴,1600,G1,優駿牝馬（オークス）,4,0,15,ピンハイ,jra_ピンハイ_2022,4,F,55.0,高倉 稜,144.4,34.0
jra_2022_優駿牝馬オークス_東京,2022-05-22,東京,芝,良,晴,1600,G1,優駿牝馬（オークス）,5,0,16,プレサージュリフト,jra_プレサージュリフト_2022,4,F,55.0,戸崎 圭太,144.5,34.5
jra_2022_優駿牝馬オークス_東京,2022-05-22,東京,芝,良,晴,1600,G1,優駿牝馬（オークス）,6,0,4,ルージュエヴァイユ,jra_ルージュエヴァイユ_2022,4,F,55.0,池添 謙一,144.6,34.0
jra_2022_優駿牝馬オークス_東京,2022-05-22,東京,芝,良,晴,1600,G1,優駿牝馬（オークス）,7,0,3,アートハウス,jra_アートハウス_2022,4,F,55.0,川田 将雅,144.9,35.4
jra_2022_優駿牝馬オークス_東京,2022-05-22,東京,芝,良,晴,1600,G1,優駿牝馬（オークス）,8,0,17,ニシノラブウインク,jra_ニシノラブウインク_2022,4,F,55.0,三浦 皇成,145.0,35.9
jra_2022_優駿牝馬オークス_東京,2022-05-22,東京,芝,良,晴,1600,G1,優駿牝馬（オークス）,9,0,9,エリカヴィータ,jra_エリカヴィータ_2022,4,F,55.0,福永 祐一,145.0,35.0
jra_2022_優駿牝馬オークス_東京,2022-05-22,東京,芝,良,晴,1600,G1,優駿牝馬（オークス）,10,0,11,ベルクレスタ,jra_ベルクレスタ_2022,4,F,55.0,吉田 隼人,145.2,34.8
jra_2022_優駿牝馬オークス_東京,2022-05-22,東京,芝,良,晴,1600,G1,優駿牝馬（オークス）,11,0,12,ライラック,jra_ライラック_2022,4,F,55.0,横山 和生,145.4,34.5
jra_2022_優駿牝馬オークス_東京,2022-05-22,東京,芝,良,晴,1600,G1,優駿牝馬（オークス）,12,0,6,サークルオブライフ,jra_サークルオブライフ_2022,4,F,55.0,M.デムーロ,145.8,34.8
jra_2022_優駿牝馬オークス_東京,2022-05-22,東京,芝,良,晴,1600,G1,優駿牝馬（オークス）,13,0,1,ウォーターナビレラ,jra_ウォーターナビレラ_2022,4,F,55.0,武 豊,146.1,35.5
jra_2022_優駿牝馬オークス_東京,2022-05-22,東京,芝,良,晴,1600,G1,優駿牝馬（オークス）,14,0,14,シーグラス,jra_シーグラス_2022,4,F,55.0,松岡 正海,146.1,35.3
jra_2022_優駿牝馬オークス_東京,2022-05-22,東京,芝,良,晴,1600,G1,優駿牝馬（オークス）,15,0,10,ラブパイロー,jra_ラブパイロー_2022,4,F,55.0,野中 悠太郎,146.1,36.3
jra_2022_優駿牝馬オークス_東京,2022-05-22,東京,芝,良,晴,1600,G1,優駿牝馬（オークス）,16,0,13,パーソナルハイ,jra_パーソナルハイ_2022,4,F,55.0,吉田 豊,146.4,37.1
jra_2022_優駿牝馬オークス_東京,2022-05-22,東京,芝,良,晴,1600,G1,優駿牝馬（オークス）,17,0,7,ホウオウバニラ,jra_ホウオウバニラ_2022,4,F,55.0,横山 典弘,147.0,35.9
jra_2023_優駿牝馬オークス_東京,2023-05-21,東京,芝,良,晴,1000,G1,優駿牝馬（オークス）,1,0,5,リバティアイランド,jra_リバティアイランド_2023,4,F,55.0,川田 将雅,143.1,34.0
jra_2023_優駿牝馬オークス_東京,2023-05-21,東京,芝,良,晴,1000,G1,優駿牝馬（オークス）,2,0,12,ハーパー,jra_ハーパー_2023,4,F,55.0,C.ルメール,144.1,34.8
jra_2023_優駿牝馬オークス_東京,2023-05-21,東京,芝,良,晴,1000,G1,優駿牝馬（オークス）,3,0,13,ドゥーラ,jra_ドゥーラ_2023,4,F,55.0,斎藤 新,144.1,34.1
jra_2023_優駿牝馬オークス_東京,2023-05-21,東京,芝,良,晴,1000,G1,優駿牝馬（オークス）,4,0,1,ラヴェル,jra_ラヴェル_2023,4,F,55.0,坂井 瑠星,144.2,35.9
jra_2023_優駿牝馬オークス_東京,2023-05-21,東京,芝,良,晴,1000,G1,優駿牝馬（オークス）,5,0,17,シンリョクカ,jra_シンリョクカ_2023,4,F,55.0,吉田 豊,144.4,35.1
jra_2023_優駿牝馬オークス_東京,2023-05-21,東京,芝,良,晴,1000,G1,優駿牝馬（オークス）,6,0,7,ヒップホップソウル,jra_ヒップホップソウル_2023,4,F,55.0,津村 明秀,144.4,34.8
jra_2023_優駿牝馬オークス_東京,2023-05-21,東京,芝,良,晴,1000,G1,優駿牝馬（オークス）,7,0,9,コナコースト,jra_コナコースト_2023,4,F,55.0,D.レーン,145.0,35.1
jra_2023_優駿牝馬オークス_東京,2023-05-21,東京,芝,良,晴,1000,G1,優駿牝馬（オークス）,8,0,10,ソーダズリング,jra_ソーダズリング_2023,4,F,55.0,武 豊,145.0,35.3
jra_2023_優駿牝馬オークス_東京,2023-05-21,東京,芝,良,晴,1000,G1,優駿牝馬（オークス）,9,0,16,ドゥアイズ,jra_ドゥアイズ_2023,4,F,55.0,吉田 隼人,145.2,35.0
jra_2023_優駿牝馬オークス_東京,2023-05-21,東京,芝,良,晴,1000,G1,優駿牝馬（オークス）,10,0,8,レミージュ,jra_レミージュ_2023,4,F,55.0,荻野 極,145.3,36.2
jra_2023_優駿牝馬オークス_東京,2023-05-21,東京,芝,良,晴,1000,G1,優駿牝馬（オークス）,11,0,6,ゴールデンハインド,jra_ゴールデンハインド_2023,4,F,55.0,菅原 明良,145.8,37.0
jra_2023_優駿牝馬オークス_東京,2023-05-21,東京,芝,良,晴,1000,G1,優駿牝馬（オークス）,12,0,14,ペリファーニア,jra_ペリファーニア_2023,4,F,55.0,横山 武史,145.9,36.3
jra_2023_優駿牝馬オークス_東京,2023-05-21,東京,芝,良,晴,1000,G1,優駿牝馬（オークス）,13,0,15,エミュー,jra_エミュー_2023,4,F,55.0,M.デムーロ,146.1,36.1
jra_2023_優駿牝馬オークス_東京,2023-05-21,東京,芝,良,晴,1000,G1,優駿牝馬（オークス）,14,0,11,ミッキーゴージャス,jra_ミッキーゴージャス_2023,4,F,55.0,戸崎 圭太,146.1,35.9
jra_2023_優駿牝馬オークス_東京,2023-05-21,東京,芝,良,晴,1000,G1,優駿牝馬（オークス）,15,0,3,キタウイング,jra_キタウイング_2023,4,F,55.0,杉原 誠人,146.2,36.0
jra_2023_優駿牝馬オークス_東京,2023-05-21,東京,芝,良,晴,1000,G1,優駿牝馬（オークス）,16,0,18,イングランドアイズ,jra_イングランドアイズ_2023,4,F,55.0,横山 和生,146.2,37.9
jra_2023_優駿牝馬オークス_東京,2023-05-21,東京,芝,良,晴,1000,G1,優駿牝馬（オークス）,17,0,2,ライトクオンタム,jra_ライトクオンタム_2023,4,F,55.0,田辺 裕信,147.1,39.1
jra_2023_優駿牝馬オークス_東京,2023-05-21,東京,芝,良,晴,1000,G1,優駿牝馬（オークス）,18,0,4,キミノナハマリア,jra_キミノナハマリア_2023,4,F,55.0,三浦 皇成,149.5,41.4
jra_2024_優駿牝馬オークス_東京,2024-05-19,東京,芝,良,曇,1000,G1,優駿牝馬（オークス）,1,0,12,チェルヴィニア,jra_チェルヴィニア_2024,4,F,55.0,C.ルメール,144.0,34.0
jra_2024_優駿牝馬オークス_東京,2024-05-19,東京,芝,良,曇,1000,G1,優駿牝馬（オークス）,2,0,7,ステレンボッシュ,jra_ステレンボッシュ_2024,4,F,55.0,戸崎 圭太,144.1,34.0
jra_2024_優駿牝馬オークス_東京,2024-05-19,東京,芝,良,曇,1000,G1,優駿牝馬（オークス）,3,0,14,ライトバック,jra_ライトバック_2024,4,F,55.0,坂井 瑠星,144.4,34.1
jra_2024_優駿牝馬オークス_東京,2024-05-19,東京,芝,良,曇,1000,G1,優駿牝馬（オークス）,4,0,2,クイーンズウォーク,jra_クイーンズウォーク_2024,4,F,55.0,川田 将雅,144.4,34.7
jra_2024_優駿牝馬オークス_東京,2024-05-19,東京,芝,良,曇,1000,G1,優駿牝馬（オークス）,5,0,18,ランスオブクイーン,jra_ランスオブクイーン_2024,4,F,55.0,横山 和生,144.4,34.9
jra_2024_優駿牝馬オークス_東京,2024-05-19,東京,芝,良,曇,1000,G1,優駿牝馬（オークス）,6,0,13,スウィープフィート,jra_スウィープフィート_2024,4,F,55.0,武 豊,144.6,34.5
jra_2024_優駿牝馬オークス_東京,2024-05-19,東京,芝,良,曇,1000,G1,優駿牝馬（オークス）,7,0,6,サンセットビュー,jra_サンセットビュー_2024,4,F,55.0,三浦 皇成,144.8,34.4
jra_2024_優駿牝馬オークス_東京,2024-05-19,東京,芝,良,曇,1000,G1,優駿牝馬（オークス）,8,0,3,エセルフリーダ,jra_エセルフリーダ_2024,4,F,55.0,武藤 雅,144.9,34.5
jra_2024_優駿牝馬オークス_東京,2024-05-19,東京,芝,良,曇,1000,G1,優駿牝馬（オークス）,9,0,10,アドマイヤベル,jra_アドマイヤベル_2024,4,F,55.0,横山 武史,145.0,35.1
jra_2024_優駿牝馬オークス_東京,2024-05-19,東京,芝,良,曇,1000,G1,優駿牝馬（オークス）,10,0,8,ホーエリート,jra_ホーエリート_2024,4,F,55.0,原 優介,145.0,35.2
jra_2024_優駿牝馬オークス_東京,2024-05-19,東京,芝,良,曇,1000,G1,優駿牝馬（オークス）,11,0,9,ラヴァンダ,jra_ラヴァンダ_2024,4,F,55.0,岩田 望来,145.1,35.2
jra_2024_優駿牝馬オークス_東京,2024-05-19,東京,芝,良,曇,1000,G1,優駿牝馬（オークス）,12,0,5,コガネノソラ,jra_コガネノソラ_2024,4,F,55.0,石川 裕紀人,145.2,35.0
jra_2024_優駿牝馬オークス_東京,2024-05-19,東京,芝,良,曇,1000,G1,優駿牝馬（オークス）,13,0,15,サフィラ,jra_サフィラ_2024,4,F,55.0,松山 弘平,145.3,35.5
jra_2024_優駿牝馬オークス_東京,2024-05-19,東京,芝,良,曇,1000,G1,優駿牝馬（オークス）,14,0,1,ミアネーロ,jra_ミアネーロ_2024,4,F,55.0,津村 明秀,145.3,35.3
jra_2024_優駿牝馬オークス_東京,2024-05-19,東京,芝,良,曇,1000,G1,優駿牝馬（オークス）,15,0,4,パレハ,jra_パレハ_2024,4,F,55.0,田辺 裕信,145.3,34.9
jra_2024_優駿牝馬オークス_東京,2024-05-19,東京,芝,良,曇,1000,G1,優駿牝馬（オークス）,16,0,17,タガノエルピーダ,jra_タガノエルピーダ_2024,4,F,55.0,M.デムーロ,145.8,36.1
jra_2024_優駿牝馬オークス_東京,2024-05-19,東京,芝,良,曇,1000,G1,優駿牝馬（オークス）,17,0,16,ショウナンマヌエラ,jra_ショウナンマヌエラ_2024,4,F,55.0,岩田 康誠,150.7,41.3
jra_2024_優駿牝馬オークス_東京,2024-05-19,東京,芝,良,曇,1000,G1,優駿牝馬（オークス）,18,0,11,ヴィントシュティレ,jra_ヴィントシュティレ_2024,4,F,55.0,北村 宏司,153.8,44.9
jra_2010_東京優駿日本ダービー_東京,2010-05-01,東京,芝,良,曇,2400,G1,東京優駿（日本ダービー）,1,0,1,エイシンフラッシュ,jra_エイシンフラッシュ_2010,4,M,57.0,,0.0,32.7
jra_2010_東京優駿日本ダービー_東京,2010-05-01,東京,芝,良,曇,2400,G1,東京優駿（日本ダービー）,2,0,8,ローズキングダム,jra_ローズキングダム_2010,4,M,57.0,,0.0,32.9
jra_2010_東京優駿日本ダービー_東京,2010-05-01,東京,芝,良,曇,2400,G1,東京優駿（日本ダービー）,3,0,7,ヴィクトワールピサ,jra_ヴィクトワールピサ_2010,4,M,57.0,,0.0,33.1
jra_2010_東京優駿日本ダービー_東京,2010-05-01,東京,芝,良,曇,2400,G1,東京優駿（日本ダービー）,4,0,13,ゲシュタルト,jra_ゲシュタルト_2010,4,M,57.0,,0.0,33.4
jra_2010_東京優駿日本ダービー_東京,2010-05-01,東京,芝,良,曇,2400,G1,東京優駿（日本ダービー）,5,0,3,ルーラーシップ,jra_ルーラーシップ_2010,4,M,57.0,,0.0,33.3
jra_2010_東京優駿日本ダービー_東京,2010-05-01,東京,芝,良,曇,2400,G1,東京優駿（日本ダービー）,6,0,9,ペルーサ,jra_ペルーサ_2010,4,M,57.0,,0.0,33.3
jra_2010_東京優駿日本ダービー_東京,2010-05-01,東京,芝,良,曇,2400,G1,東京優駿（日本ダービー）,7,0,17,トゥザグローリー,jra_トゥザグローリー_2010,4,M,57.0,,0.0,33.7
jra_2010_東京優駿日本ダービー_東京,2010-05-01,東京,芝,良,曇,2400,G1,東京優駿（日本ダービー）,8,0,4,サンディエゴシチー,jra_サンディエゴシチー_2010,4,M,57.0,,0.0,33.0
jra_2010_東京優駿日本ダービー_東京,2010-05-01,東京,芝,良,曇,2400,G1,東京優駿（日本ダービー）,9,0,12,ヒルノダムール,jra_ヒルノダムール_2010,4,M,57.0,,0.0,33.3
jra_2010_東京優駿日本ダービー_東京,2010-05-01,東京,芝,良,曇,2400,G1,東京優駿（日本ダービー）,10,0,5,コスモファントム,jra_コスモファントム_2010,4,M,57.0,,0.0,34.0
jra_2010_東京優駿日本ダービー_東京,2010-05-01,東京,芝,良,曇,2400,G1,東京優駿（日本ダービー）,11,0,2,レーヴドリアン,jra_レーヴドリアン_2010,4,M,57.0,,0.0,33.6
jra_2010_東京優駿日本ダービー_東京,2010-05-01,東京,芝,良,曇,2400,G1,東京優駿（日本ダービー）,12,0,14,リルダヴァル,jra_リルダヴァル_2010,4,M,57.0,,0.0,33.5
jra_2010_東京優駿日本ダービー_東京,2010-05-01,東京,芝,良,曇,2400,G1,東京優駿（日本ダービー）,13,0,6,アリゼオ,jra_アリゼオ_2010,4,M,57.0,,0.0,34.7
jra_2010_東京優駿日本ダービー_東京,2010-05-01,東京,芝,良,曇,2400,G1,東京優駿（日本ダービー）,14,0,15,メイショウウズシオ,jra_メイショウウズシオ_2010,4,M,57.0,,0.0,34.4
jra_2010_東京優駿日本ダービー_東京,2010-05-01,東京,芝,良,曇,2400,G1,東京優駿（日本ダービー）,15,0,10,トーセンアレス,jra_トーセンアレス_2010,4,M,57.0,,0.0,34.2
jra_2010_東京優駿日本ダービー_東京,2010-05-01,東京,芝,良,曇,2400,G1,東京優駿（日本ダービー）,16,0,11,ハンソデバンド,jra_ハンソデバンド_2010,4,M,57.0,,0.0,34.7
jra_2010_東京優駿日本ダービー_東京,2010-05-01,東京,芝,良,曇,2400,G1,東京優駿（日本ダービー）,17,0,16,シャイン,jra_シャイン_2010,4,M,57.0,,0.0,36.0
jra_2011_東京優駿日本ダービー_東京,2011-05-01,東京,芝,良,雨,2400,G1,東京優駿（日本ダービー）,1,0,5,オルフェーヴル,jra_オルフェーヴル_2011,4,M,57.0,,0.0,34.8
jra_2011_東京優駿日本ダービー_東京,2011-05-01,東京,芝,良,雨,2400,G1,東京優駿（日本ダービー）,2,0,1,ウインバリアシオン,jra_ウインバリアシオン_2011,4,M,57.0,,0.0,34.7
jra_2011_東京優駿日本ダービー_東京,2011-05-01,東京,芝,良,雨,2400,G1,東京優駿（日本ダービー）,3,0,7,ベルシャザール,jra_ベルシャザール_2011,4,M,57.0,,0.0,36.7
jra_2011_東京優駿日本ダービー_東京,2011-05-01,東京,芝,良,雨,2400,G1,東京優駿（日本ダービー）,4,0,10,ナカヤマナイト,jra_ナカヤマナイト_2011,4,M,57.0,,0.0,36.4
jra_2011_東京優駿日本ダービー_東京,2011-05-01,東京,芝,良,雨,2400,G1,東京優駿（日本ダービー）,5,0,6,クレスコグランド,jra_クレスコグランド_2011,4,M,57.0,,0.0,36.7
jra_2011_東京優駿日本ダービー_東京,2011-05-01,東京,芝,良,雨,2400,G1,東京優駿（日本ダービー）,6,0,14,ショウナンパルフェ,jra_ショウナンパルフェ_2011,4,M,57.0,,0.0,37.7
jra_2011_東京優駿日本ダービー_東京,2011-05-01,東京,芝,良,雨,2400,G1,東京優駿（日本ダービー）,7,0,2,サダムパテック,jra_サダムパテック_2011,4,M,57.0,,0.0,37.4
jra_2011_東京優駿日本ダービー_東京,2011-05-01,東京,芝,良,雨,2400,G1,東京優駿（日本ダービー）,8,0,3,オールアズワン,jra_オールアズワン_2011,4,M,57.0,,0.0,38.9
jra_2011_東京優駿日本ダービー_東京,2011-05-01,東京,芝,良,雨,2400,G1,東京優駿（日本ダービー）,9,0,16,トーセンレーヴ,jra_トーセンレーヴ_2011,4,M,57.0,,0.0,37.7
jra_2011_東京優駿日本ダービー_東京,2011-05-01,東京,芝,良,雨,2400,G1,東京優駿（日本ダービー）,10,0,17,ユニバーサルバンク,jra_ユニバーサルバンク_2011,4,M,57.0,,0.0,37.9
jra_2011_東京優駿日本ダービー_東京,2011-05-01,東京,芝,良,雨,2400,G1,東京優駿（日本ダービー）,11,0,15,トーセンラー,jra_トーセンラー_2011,4,M,57.0,,0.0,38.1
jra_2011_東京優駿日本ダービー_東京,2011-05-01,東京,芝,良,雨,2400,G1,東京優駿（日本ダービー）,12,0,11,デボネア,jra_デボネア_2011,4,M,57.0,,0.0,37.6
jra_2011_東京優駿日本ダービー_東京,2011-05-01,東京,芝,良,雨,2400,G1,東京優駿（日本ダービー）,13,0,8,フェイトフルウォー,jra_フェイトフルウォー_2011,4,M,57.0,,0.0,37.5
jra_2011_東京優駿日本ダービー_東京,2011-05-01,東京,芝,良,雨,2400,G1,東京優駿（日本ダービー）,14,0,9,コティリオン,jra_コティリオン_2011,4,M,57.0,,0.0,36.8
jra_2011_東京優駿日本ダービー_東京,2011-05-01,東京,芝,良,雨,2400,G1,東京優駿（日本ダービー）,15,0,13,ロッカヴェラーノ,jra_ロッカヴェラーノ_2011,4,M,57.0,,0.0,37.0
jra_2011_東京優駿日本ダービー_東京,2011-05-01,東京,芝,良,雨,2400,G1,東京優駿（日本ダービー）,16,0,12,エーシンジャッカル,jra_エーシンジャッカル_2011,4,M,57.0,,0.0,38.4
jra_2011_東京優駿日本ダービー_東京,2011-05-01,東京,芝,良,雨,2400,G1,東京優駿（日本ダービー）,17,0,18,ノーザンリバー,jra_ノーザンリバー_2011,4,M,57.0,,0.0,40.2
jra_2012_東京優駿日本ダービー_東京,2012-05-01,東京,芝,良,晴,2400,G1,東京優駿（日本ダービー）,1,0,10,ディープブリランテ,jra_ディープブリランテ_2012,4,M,57.0,,0.0,34.5
jra_2012_東京優駿日本ダービー_東京,2012-05-01,東京,芝,良,晴,2400,G1,東京優駿（日本ダービー）,2,0,11,フェノーメノ,jra_フェノーメノ_2012,4,M,57.0,,0.0,33.9
jra_2012_東京優駿日本ダービー_東京,2012-05-01,東京,芝,良,晴,2400,G1,東京優駿（日本ダービー）,3,0,14,トーセンホマレボシ,jra_トーセンホマレボシ_2012,4,M,57.0,,0.0,36.1
jra_2012_東京優駿日本ダービー_東京,2012-05-01,東京,芝,良,晴,2400,G1,東京優駿（日本ダービー）,4,0,8,ワールドエース,jra_ワールドエース_2012,4,M,57.0,,0.0,33.8
jra_2012_東京優駿日本ダービー_東京,2012-05-01,東京,芝,良,晴,2400,G1,東京優駿（日本ダービー）,5,0,6,ゴールドシップ,jra_ゴールドシップ_2012,4,M,57.0,,0.0,33.8
jra_2012_東京優駿日本ダービー_東京,2012-05-01,東京,芝,良,晴,2400,G1,東京優駿（日本ダービー）,6,0,7,コスモオオゾラ,jra_コスモオオゾラ_2012,4,M,57.0,,0.0,34.2
jra_2012_東京優駿日本ダービー_東京,2012-05-01,東京,芝,良,晴,2400,G1,東京優駿（日本ダービー）,7,0,12,トリップ,jra_トリップ_2012,4,M,57.0,,0.0,34.7
jra_2012_東京優駿日本ダービー_東京,2012-05-01,東京,芝,良,晴,2400,G1,東京優駿（日本ダービー）,8,0,9,エタンダール,jra_エタンダール_2012,4,M,57.0,,0.0,34.0
jra_2012_東京優駿日本ダービー_東京,2012-05-01,東京,芝,良,晴,2400,G1,東京優駿（日本ダービー）,9,0,5,ベールドインパクト,jra_ベールドインパクト_2012,4,M,57.0,,0.0,33.9
jra_2012_東京優駿日本ダービー_東京,2012-05-01,東京,芝,良,晴,2400,G1,東京優駿（日本ダービー）,10,0,17,グランデッツァ,jra_グランデッツァ_2012,4,M,57.0,,0.0,35.0
jra_2012_東京優駿日本ダービー_東京,2012-05-01,東京,芝,良,晴,2400,G1,東京優駿（日本ダービー）,11,0,4,ジャスタウェイ,jra_ジャスタウェイ_2012,4,M,57.0,,0.0,34.1
jra_2012_東京優駿日本ダービー_東京,2012-05-01,東京,芝,良,晴,2400,G1,東京優駿（日本ダービー）,12,0,16,モンストール,jra_モンストール_2012,4,M,57.0,,0.0,34.4
jra_2012_東京優駿日本ダービー_東京,2012-05-01,東京,芝,良,晴,2400,G1,東京優駿（日本ダービー）,13,0,18,アルフレード,jra_アルフレード_2012,4,M,57.0,,0.0,34.7
jra_2012_東京優駿日本ダービー_東京,2012-05-01,東京,芝,良,晴,2400,G1,東京優駿（日本ダービー）,14,0,1,スピルバーグ,jra_スピルバーグ_2012,4,M,57.0,,0.0,34.4
jra_2012_東京優駿日本ダービー_東京,2012-05-01,東京,芝,良,晴,2400,G1,東京優駿（日本ダービー）,15,0,13,クラレント,jra_クラレント_2012,4,M,57.0,,0.0,36.3
jra_2012_東京優駿日本ダービー_東京,2012-05-01,東京,芝,良,晴,2400,G1,東京優駿（日本ダービー）,16,0,3,ゼロス,jra_ゼロス_2012,4,M,57.0,,0.0,38.1
jra_2012_東京優駿日本ダービー_東京,2012-05-01,東京,芝,良,晴,2400,G1,東京優駿（日本ダービー）,17,0,15,ブライトライン,jra_ブライトライン_2012,4,M,57.0,,0.0,35.9
jra_2012_東京優駿日本ダービー_東京,2012-05-01,東京,芝,良,晴,2400,G1,東京優駿（日本ダービー）,18,0,2,ヒストリカル,jra_ヒストリカル_2012,4,M,57.0,,0.0,35.7
jra_2013_東京優駿日本ダービー_東京,2013-05-26,東京,芝,良,晴,2400,G1,東京優駿（日本ダービー）,1,0,1,キズナ,jra_キズナ_2013,4,M,57.0,,0.0,33.5
jra_2013_東京優駿日本ダービー_東京,2013-05-26,東京,芝,良,晴,2400,G1,東京優駿（日本ダービー）,2,0,9,エピファネイア,jra_エピファネイア_2013,4,M,57.0,,0.0,33.9
jra_2013_東京優駿日本ダービー_東京,2013-05-26,東京,芝,良,晴,2400,G1,東京優駿（日本ダービー）,3,0,3,アポロソニック,jra_アポロソニック_2013,4,M,57.0,,0.0,35.5
jra_2013_東京優駿日本ダービー_東京,2013-05-26,東京,芝,良,晴,2400,G1,東京優駿（日本ダービー）,4,0,16,ペプチドアマゾン,jra_ペプチドアマゾン_2013,4,M,57.0,,0.0,34.7
jra_2013_東京優駿日本ダービー_東京,2013-05-26,東京,芝,良,晴,2400,G1,東京優駿（日本ダービー）,5,0,8,ロゴタイプ,jra_ロゴタイプ_2013,4,M,57.0,,0.0,34.5
jra_2013_東京優駿日本ダービー_東京,2013-05-26,東京,芝,良,晴,2400,G1,東京優駿（日本ダービー）,6,0,11,テイエムイナズマ,jra_テイエムイナズマ_2013,4,M,57.0,,0.0,33.8
jra_2013_東京優駿日本ダービー_東京,2013-05-26,東京,芝,良,晴,2400,G1,東京優駿（日本ダービー）,7,0,6,ラブリーデイ,jra_ラブリーデイ_2013,4,M,57.0,,0.0,33.9
jra_2013_東京優駿日本ダービー_東京,2013-05-26,東京,芝,良,晴,2400,G1,東京優駿（日本ダービー）,8,0,10,タマモベストプレイ,jra_タマモベストプレイ_2013,4,M,57.0,,0.0,34.2
jra_2013_東京優駿日本ダービー_東京,2013-05-26,東京,芝,良,晴,2400,G1,東京優駿（日本ダービー）,9,0,2,コディーノ,jra_コディーノ_2013,4,M,57.0,,0.0,34.5
jra_2013_東京優駿日本ダービー_東京,2013-05-26,東京,芝,良,晴,2400,G1,東京優駿（日本ダービー）,10,0,15,フラムドグロワール,jra_フラムドグロワール_2013,4,M,57.0,,0.0,34.7
jra_2013_東京優駿日本ダービー_東京,2013-05-26,東京,芝,良,晴,2400,G1,東京優駿（日本ダービー）,11,0,5,メイケイペガスター,jra_メイケイペガスター_2013,4,M,57.0,,0.0,35.8
jra_2013_東京優駿日本ダービー_東京,2013-05-26,東京,芝,良,晴,2400,G1,東京優駿（日本ダービー）,12,0,17,レッドレイヴン,jra_レッドレイヴン_2013,4,M,57.0,,0.0,33.9
jra_2013_東京優駿日本ダービー_東京,2013-05-26,東京,芝,良,晴,2400,G1,東京優駿（日本ダービー）,13,0,7,ヒラボクディープ,jra_ヒラボクディープ_2013,4,M,57.0,,0.0,34.5
jra_2013_東京優駿日本ダービー_東京,2013-05-26,東京,芝,良,晴,2400,G1,東京優駿（日本ダービー）,14,0,14,アクションスター,jra_アクションスター_2013,4,M,57.0,,0.0,33.9
jra_2013_東京優駿日本ダービー_東京,2013-05-26,東京,芝,良,晴,2400,G1,東京優駿（日本ダービー）,15,0,13,マイネルホウオウ,jra_マイネルホウオウ_2013,4,M,57.0,,0.0,34.5
jra_2013_東京優駿日本ダービー_東京,2013-05-26,東京,芝,良,晴,2400,G1,東京優駿（日本ダービー）,16,0,4,クラウンレガーロ,jra_クラウンレガーロ_2013,4,M,57.0,,0.0,35.5
jra_2013_東京優駿日本ダービー_東京,2013-05-26,東京,芝,良,晴,2400,G1,東京優駿（日本ダービー）,17,0,12,サムソンズプライド,jra_サムソンズプライド_2013,4,M,57.0,,0.0,36.2
jra_2013_東京優駿日本ダービー_東京,2013-05-26,東京,芝,良,晴,2400,G1,東京優駿（日本ダービー）,18,0,18,ミヤジタイガ,jra_ミヤジタイガ_2013,4,M,57.0,,0.0,36.0
jra_2014_東京優駿日本ダービー_東京,2014-06-01,東京,芝,良,晴,2400,G1,東京優駿（日本ダービー）,1,0,2,ワンアンドオンリー,jra_ワンアンドオンリー_2014,4,M,57.0,,0.0,34.0
jra_2014_東京優駿日本ダービー_東京,2014-06-01,東京,芝,良,晴,2400,G1,東京優駿（日本ダービー）,2,0,13,イスラボニータ,jra_イスラボニータ_2014,4,M,57.0,,0.0,34.3
jra_2014_東京優駿日本ダービー_東京,2014-06-01,東京,芝,良,晴,2400,G1,東京優駿（日本ダービー）,3,0,3,マイネルフロスト,jra_マイネルフロスト_2014,4,M,57.0,,0.0,34.2
jra_2014_東京優駿日本ダービー_東京,2014-06-01,東京,芝,良,晴,2400,G1,東京優駿（日本ダービー）,4,0,14,タガノグランパ,jra_タガノグランパ_2014,4,M,57.0,,0.0,34.4
jra_2014_東京優駿日本ダービー_東京,2014-06-01,東京,芝,良,晴,2400,G1,東京優駿（日本ダービー）,5,0,5,トゥザワールド,jra_トゥザワールド_2014,4,M,57.0,,0.0,34.1
jra_2014_東京優駿日本ダービー_東京,2014-06-01,東京,芝,良,晴,2400,G1,東京優駿（日本ダービー）,6,0,6,ショウナンラグーン,jra_ショウナンラグーン_2014,4,M,57.0,,0.0,33.9
jra_2014_東京優駿日本ダービー_東京,2014-06-01,東京,芝,良,晴,2400,G1,東京優駿（日本ダービー）,7,0,4,アドマイヤデウス,jra_アドマイヤデウス_2014,4,M,57.0,,0.0,34.2
jra_2014_東京優駿日本ダービー_東京,2014-06-01,東京,芝,良,晴,2400,G1,東京優駿（日本ダービー）,8,0,10,ベルキャニオン,jra_ベルキャニオン_2014,4,M,57.0,,0.0,34.5
jra_2014_東京優駿日本ダービー_東京,2014-06-01,東京,芝,良,晴,2400,G1,東京優駿（日本ダービー）,9,0,8,スズカデヴィアス,jra_スズカデヴィアス_2014,4,M,57.0,,0.0,34.4
jra_2014_東京優駿日本ダービー_東京,2014-06-01,東京,芝,良,晴,2400,G1,東京優駿（日本ダービー）,10,0,18,ワールドインパクト,jra_ワールドインパクト_2014,4,M,57.0,,0.0,34.9
jra_2014_東京優駿日本ダービー_東京,2014-06-01,東京,芝,良,晴,2400,G1,東京優駿（日本ダービー）,11,0,1,サウンズオブアース,jra_サウンズオブアース_2014,4,M,57.0,,0.0,35.3
jra_2014_東京優駿日本ダービー_東京,2014-06-01,東京,芝,良,晴,2400,G1,東京優駿（日本ダービー）,12,0,16,レッドリヴェール,jra_レッドリヴェール_2014,4,F,55.0,,0.0,34.6
jra_2014_東京優駿日本ダービー_東京,2014-06-01,東京,芝,良,晴,2400,G1,東京優駿（日本ダービー）,13,0,11,ハギノハイブリッド,jra_ハギノハイブリッド_2014,4,M,57.0,,0.0,34.8
jra_2014_東京優駿日本ダービー_東京,2014-06-01,東京,芝,良,晴,2400,G1,東京優駿（日本ダービー）,14,0,15,サトノルパン,jra_サトノルパン_2014,4,M,57.0,,0.0,34.9
jra_2014_東京優駿日本ダービー_東京,2014-06-01,東京,芝,良,晴,2400,G1,東京優駿（日本ダービー）,15,0,9,アズマシャトル,jra_アズマシャトル_2014,4,M,57.0,,0.0,35.4
jra_2014_東京優駿日本ダービー_東京,2014-06-01,東京,芝,良,晴,2400,G1,東京優駿（日本ダービー）,16,0,17,トーセンスターダム,jra_トーセンスターダム_2014,4,M,57.0,,0.0,37.9
jra_2015_東京優駿日本ダービー_東京,2015-05-31,東京,芝,良,晴,2400,G1,東京優駿（日本ダービー）,1,0,14,ドゥラメンテ,jra_ドゥラメンテ_2015,4,M,57.0,,0.0,33.9
jra_2015_東京優駿日本ダービー_東京,2015-05-31,東京,芝,良,晴,2400,G1,東京優駿（日本ダービー）,2,0,1,サトノラーゼン,jra_サトノラーゼン_2015,4,M,57.0,,0.0,34.2
jra_2015_東京優駿日本ダービー_東京,2015-05-31,東京,芝,良,晴,2400,G1,東京優駿（日本ダービー）,3,0,11,サトノクラウン,jra_サトノクラウン_2015,4,M,57.0,,0.0,33.8
jra_2015_東京優駿日本ダービー_東京,2015-05-31,東京,芝,良,晴,2400,G1,東京優駿（日本ダービー）,4,0,13,リアルスティール,jra_リアルスティール_2015,4,M,57.0,,0.0,34.3
jra_2015_東京優駿日本ダービー_東京,2015-05-31,東京,芝,良,晴,2400,G1,東京優駿（日本ダービー）,5,0,3,コメート,jra_コメート_2015,4,M,57.0,,0.0,35.0
jra_2015_東京優駿日本ダービー_東京,2015-05-31,東京,芝,良,晴,2400,G1,東京優駿（日本ダービー）,6,0,15,ミュゼスルタン,jra_ミュゼスルタン_2015,4,M,57.0,,0.0,34.0
jra_2015_東京優駿日本ダービー_東京,2015-05-31,東京,芝,良,晴,2400,G1,東京優駿（日本ダービー）,7,0,2,タンタアレグリア,jra_タンタアレグリア_2015,4,M,57.0,,0.0,34.1
jra_2015_東京優駿日本ダービー_東京,2015-05-31,東京,芝,良,晴,2400,G1,東京優駿（日本ダービー）,8,0,4,グァンチャーレ,jra_グァンチャーレ_2015,4,M,57.0,,0.0,34.7
jra_2015_東京優駿日本ダービー_東京,2015-05-31,東京,芝,良,晴,2400,G1,東京優駿（日本ダービー）,9,0,7,レーヴミストラル,jra_レーヴミストラル_2015,4,M,57.0,,0.0,35.1
jra_2015_東京優駿日本ダービー_東京,2015-05-31,東京,芝,良,晴,2400,G1,東京優駿（日本ダービー）,10,0,10,ミュゼエイリアン,jra_ミュゼエイリアン_2015,4,M,57.0,,0.0,36.0
jra_2015_東京優駿日本ダービー_東京,2015-05-31,東京,芝,良,晴,2400,G1,東京優駿（日本ダービー）,11,0,5,ダノンメジャー,jra_ダノンメジャー_2015,4,M,57.0,,0.0,35.1
jra_2015_東京優駿日本ダービー_東京,2015-05-31,東京,芝,良,晴,2400,G1,東京優駿（日本ダービー）,12,0,6,ポルトドートウィユ,jra_ポルトドートウィユ_2015,4,M,57.0,,0.0,35.1
jra_2015_東京優駿日本ダービー_東京,2015-05-31,東京,芝,良,晴,2400,G1,東京優駿（日本ダービー）,13,0,18,タガノエスプレッソ,jra_タガノエスプレッソ_2015,4,M,57.0,,0.0,36.6
jra_2015_東京優駿日本ダービー_東京,2015-05-31,東京,芝,良,晴,2400,G1,東京優駿（日本ダービー）,14,0,17,キタサンブラック,jra_キタサンブラック_2015,4,M,57.0,,0.0,36.8
jra_2015_東京優駿日本ダービー_東京,2015-05-31,東京,芝,良,晴,2400,G1,東京優駿（日本ダービー）,15,0,8,ベルラップ,jra_ベルラップ_2015,4,M,57.0,,0.0,37.0
jra_2015_東京優駿日本ダービー_東京,2015-05-31,東京,芝,良,晴,2400,G1,東京優駿（日本ダービー）,16,0,9,コスモナインボール,jra_コスモナインボール_2015,4,M,57.0,,0.0,37.7
jra_2015_東京優駿日本ダービー_東京,2015-05-31,東京,芝,良,晴,2400,G1,東京優駿（日本ダービー）,17,0,12,アダムスブリッジ,jra_アダムスブリッジ_2015,4,M,57.0,,0.0,37.0
jra_2015_東京優駿日本ダービー_東京,2015-05-31,東京,芝,良,晴,2400,G1,東京優駿（日本ダービー）,18,0,16,スピリッツミノル,jra_スピリッツミノル_2015,4,M,57.0,,0.0,38.0
jra_2016_東京優駿日本ダービー_東京,2016-05-29,東京,芝,良,晴,2400,G1,東京優駿（日本ダービー）,1,0,3,マカヒキ,jra_マカヒキ_2016,4,M,57.0,,0.0,33.3
jra_2016_東京優駿日本ダービー_東京,2016-05-29,東京,芝,良,晴,2400,G1,東京優駿（日本ダービー）,2,0,8,サトノダイヤモンド,jra_サトノダイヤモンド_2016,4,M,57.0,,0.0,33.4
jra_2016_東京優駿日本ダービー_東京,2016-05-29,東京,芝,良,晴,2400,G1,東京優駿（日本ダービー）,3,0,1,ディーマジェスティ,jra_ディーマジェスティ_2016,4,M,57.0,,0.0,33.3
jra_2016_東京優駿日本ダービー_東京,2016-05-29,東京,芝,良,晴,2400,G1,東京優駿（日本ダービー）,4,0,5,エアスピネル,jra_エアスピネル_2016,4,M,57.0,,0.0,34.0
jra_2016_東京優駿日本ダービー_東京,2016-05-29,東京,芝,良,晴,2400,G1,東京優駿（日本ダービー）,5,0,12,リオンディーズ,jra_リオンディーズ_2016,4,M,57.0,,0.0,33.2
jra_2016_東京優駿日本ダービー_東京,2016-05-29,東京,芝,良,晴,2400,G1,東京優駿（日本ダービー）,6,0,10,スマートオーディン,jra_スマートオーディン_2016,4,M,57.0,,0.0,33.6
jra_2016_東京優駿日本ダービー_東京,2016-05-29,東京,芝,良,晴,2400,G1,東京優駿（日本ダービー）,7,0,9,マウントロブソン,jra_マウントロブソン_2016,4,M,57.0,,0.0,33.5
jra_2016_東京優駿日本ダービー_東京,2016-05-29,東京,芝,良,晴,2400,G1,東京優駿（日本ダービー）,8,0,4,レインボーライン,jra_レインボーライン_2016,4,M,57.0,,0.0,33.7
jra_2016_東京優駿日本ダービー_東京,2016-05-29,東京,芝,良,晴,2400,G1,東京優駿（日本ダービー）,9,0,13,レッドエルディスト,jra_レッドエルディスト_2016,4,M,57.0,,0.0,33.7
jra_2016_東京優駿日本ダービー_東京,2016-05-29,東京,芝,良,晴,2400,G1,東京優駿（日本ダービー）,10,0,18,プロディガルサン,jra_プロディガルサン_2016,4,M,57.0,,0.0,34.7
jra_2016_東京優駿日本ダービー_東京,2016-05-29,東京,芝,良,晴,2400,G1,東京優駿（日本ダービー）,11,0,7,ロードクエスト,jra_ロードクエスト_2016,4,M,57.0,,0.0,34.2
jra_2016_東京優駿日本ダービー_東京,2016-05-29,東京,芝,良,晴,2400,G1,東京優駿（日本ダービー）,12,0,11,アジュールローズ,jra_アジュールローズ_2016,4,M,57.0,,0.0,34.7
jra_2016_東京優駿日本ダービー_東京,2016-05-29,東京,芝,良,晴,2400,G1,東京優駿（日本ダービー）,13,0,14,ヴァンキッシュラン,jra_ヴァンキッシュラン_2016,4,M,57.0,,0.0,34.7
jra_2016_東京優駿日本ダービー_東京,2016-05-29,東京,芝,良,晴,2400,G1,東京優駿（日本ダービー）,14,0,6,アグネスフォルテ,jra_アグネスフォルテ_2016,4,M,57.0,,0.0,35.4
jra_2016_東京優駿日本ダービー_東京,2016-05-29,東京,芝,良,晴,2400,G1,東京優駿（日本ダービー）,15,0,15,イモータル,jra_イモータル_2016,4,M,57.0,,0.0,34.9
jra_2016_東京優駿日本ダービー_東京,2016-05-29,東京,芝,良,晴,2400,G1,東京優駿（日本ダービー）,16,0,2,マイネルハニー,jra_マイネルハニー_2016,4,M,57.0,,0.0,36.1
jra_2016_東京優駿日本ダービー_東京,2016-05-29,東京,芝,良,晴,2400,G1,東京優駿（日本ダービー）,17,0,17,プロフェット,jra_プロフェット_2016,4,M,57.0,,0.0,36.0
jra_2016_東京優駿日本ダービー_東京,2016-05-29,東京,芝,良,晴,2400,G1,東京優駿（日本ダービー）,18,0,16,ブレイブスマッシュ,jra_ブレイブスマッシュ_2016,4,M,57.0,,0.0,42.1
jra_2017_東京優駿日本ダービー_東京,2017-05-28,東京,芝,良,晴,1000,G1,東京優駿（日本ダービー）,1,0,12,レイデオロ,jra_レイデオロ_2017,4,M,57.0,,0.0,33.8
jra_2017_東京優駿日本ダービー_東京,2017-05-28,東京,芝,良,晴,1000,G1,東京優駿（日本ダービー）,2,0,4,スワーヴリチャード,jra_スワーヴリチャード_2017,4,M,57.0,,0.0,33.5
jra_2017_東京優駿日本ダービー_東京,2017-05-28,東京,芝,良,晴,1000,G1,東京優駿（日本ダービー）,3,0,18,アドミラブル,jra_アドミラブル_2017,4,M,57.0,,0.0,33.3
jra_2017_東京優駿日本ダービー_東京,2017-05-28,東京,芝,良,晴,1000,G1,東京優駿（日本ダービー）,4,0,3,マイスタイル,jra_マイスタイル_2017,4,M,57.0,,0.0,34.1
jra_2017_東京優駿日本ダービー_東京,2017-05-28,東京,芝,良,晴,1000,G1,東京優駿（日本ダービー）,5,0,7,アルアイン,jra_アルアイン_2017,4,M,57.0,,0.0,33.7
jra_2017_東京優駿日本ダービー_東京,2017-05-28,東京,芝,良,晴,1000,G1,東京優駿（日本ダービー）,6,0,1,ダンビュライト,jra_ダンビュライト_2017,4,M,57.0,,0.0,33.8
jra_2017_東京優駿日本ダービー_東京,2017-05-28,東京,芝,良,晴,1000,G1,東京優駿（日本ダービー）,7,0,11,ペルシアンナイト,jra_ペルシアンナイト_2017,4,M,57.0,,0.0,34.0
jra_2017_東京優駿日本ダービー_東京,2017-05-28,東京,芝,良,晴,1000,G1,東京優駿（日本ダービー）,8,0,8,トラスト,jra_トラスト_2017,4,M,57.0,,0.0,34.2
jra_2017_東京優駿日本ダービー_東京,2017-05-28,東京,芝,良,晴,1000,G1,東京優駿（日本ダービー）,9,0,10,ベストアプローチ,jra_ベストアプローチ_2017,4,M,57.0,,0.0,33.7
jra_2017_東京優駿日本ダービー_東京,2017-05-28,東京,芝,良,晴,1000,G1,東京優駿（日本ダービー）,10,0,6,サトノアーサー,jra_サトノアーサー_2017,4,M,57.0,,0.0,33.4
jra_2017_東京優駿日本ダービー_東京,2017-05-28,東京,芝,良,晴,1000,G1,東京優駿（日本ダービー）,11,0,13,カデナ,jra_カデナ_2017,4,M,57.0,,0.0,33.5
jra_2017_東京優駿日本ダービー_東京,2017-05-28,東京,芝,良,晴,1000,G1,東京優駿（日本ダービー）,12,0,16,キョウヘイ,jra_キョウヘイ_2017,4,M,57.0,,0.0,33.5
jra_2017_東京優駿日本ダービー_東京,2017-05-28,東京,芝,良,晴,1000,G1,東京優駿（日本ダービー）,13,0,5,クリンチャー,jra_クリンチャー_2017,4,M,57.0,,0.0,34.3
jra_2017_東京優駿日本ダービー_東京,2017-05-28,東京,芝,良,晴,1000,G1,東京優駿（日本ダービー）,14,0,15,ダイワキャグニー,jra_ダイワキャグニー_2017,4,M,57.0,,0.0,34.4
jra_2017_東京優駿日本ダービー_東京,2017-05-28,東京,芝,良,晴,1000,G1,東京優駿（日本ダービー）,15,0,17,ウインブライト,jra_ウインブライト_2017,4,M,57.0,,0.0,34.8
jra_2017_東京優駿日本ダービー_東京,2017-05-28,東京,芝,良,晴,1000,G1,東京優駿（日本ダービー）,16,0,9,マイネルスフェーン,jra_マイネルスフェーン_2017,4,M,57.0,,0.0,34.4
jra_2017_東京優駿日本ダービー_東京,2017-05-28,東京,芝,良,晴,1000,G1,東京優駿（日本ダービー）,17,0,2,アメリカズカップ,jra_アメリカズカップ_2017,4,M,57.0,,0.0,34.7
jra_2017_東京優駿日本ダービー_東京,2017-05-28,東京,芝,良,晴,1000,G1,東京優駿（日本ダービー）,18,0,14,ジョーストリクトリ,jra_ジョーストリクトリ_2017,4,M,57.0,,0.0,34.9
jra_2019_東京優駿日本ダービー_東京,2019-05-26,東京,芝,良,晴,1000,G1,東京優駿（日本ダービー）,1,0,1,ロジャーバローズ,jra_ロジャーバローズ_2019,4,M,57.0,浜中 俊,142.6,35.1
jra_2019_東京優駿日本ダービー_東京,2019-05-26,東京,芝,良,晴,1000,G1,東京優駿（日本ダービー）,2,0,7,ダノンキングリー,jra_ダノンキングリー_2019,4,M,57.0,戸崎 圭太,142.6,34.5
jra_2019_東京優駿日本ダービー_東京,2019-05-26,東京,芝,良,晴,1000,G1,東京優駿（日本ダービー）,3,0,13,ヴェロックス,jra_ヴェロックス_2019,4,M,57.0,川田 将雅,143.0,34.3
jra_2019_東京優駿日本ダービー_東京,2019-05-26,東京,芝,良,晴,1000,G1,東京優駿（日本ダービー）,4,0,6,サートゥルナーリア,jra_サートゥルナーリア_2019,4,M,57.0,D.レーン,143.1,34.1
jra_2019_東京優駿日本ダービー_東京,2019-05-26,東京,芝,良,晴,1000,G1,東京優駿（日本ダービー）,5,0,9,ニシノデイジー,jra_ニシノデイジー_2019,4,M,57.0,勝浦 正樹,143.1,34.3
jra_2019_東京優駿日本ダービー_東京,2019-05-26,東京,芝,良,晴,1000,G1,東京優駿（日本ダービー）,6,0,10,クラージュゲリエ,jra_クラージュゲリエ_2019,4,M,57.0,三浦 皇成,143.2,34.7
jra_2019_東京優駿日本ダービー_東京,2019-05-26,東京,芝,良,晴,1000,G1,東京優駿（日本ダービー）,7,0,14,ランフォザローゼス,jra_ランフォザローゼス_2019,4,M,57.0,福永 祐一,143.2,34.4
jra_2019_東京優駿日本ダービー_東京,2019-05-26,東京,芝,良,晴,1000,G1,東京優駿（日本ダービー）,8,0,11,レッドジェニアル,jra_レッドジェニアル_2019,4,M,57.0,酒井 学,143.4,34.2
jra_2019_東京優駿日本ダービー_東京,2019-05-26,東京,芝,良,晴,1000,G1,東京優駿（日本ダービー）,9,0,16,タガノディアマンテ,jra_タガノディアマンテ_2019,4,M,57.0,田辺 裕信,143.8,34.6
jra_2019_東京優駿日本ダービー_東京,2019-05-26,東京,芝,良,晴,1000,G1,東京優駿（日本ダービー）,10,0,8,メイショウテンゲン,jra_メイショウテンゲン_2019,4,M,57.0,武 豊,144.0,34.4
jra_2019_東京優駿日本ダービー_東京,2019-05-26,東京,芝,良,晴,1000,G1,東京優駿（日本ダービー）,11,0,5,マイネルサーパス,jra_マイネルサーパス_2019,4,M,57.0,丹内 祐次,144.2,35.8
jra_2019_東京優駿日本ダービー_東京,2019-05-26,東京,芝,良,晴,1000,G1,東京優駿（日本ダービー）,12,0,3,エメラルファイト,jra_エメラルファイト_2019,4,M,57.0,石川 裕紀人,144.3,36.0
jra_2019_東京優駿日本ダービー_東京,2019-05-26,東京,芝,良,晴,1000,G1,東京優駿（日本ダービー）,13,0,17,ナイママ,jra_ナイママ_2019,4,M,57.0,柴田 大知,144.5,35.3
jra_2019_東京優駿日本ダービー_東京,2019-05-26,東京,芝,良,晴,1000,G1,東京優駿（日本ダービー）,14,0,2,ヴィント,jra_ヴィント_2019,4,M,57.0,竹之下 智昭,144.5,35.0
jra_2019_東京優駿日本ダービー_東京,2019-05-26,東京,芝,良,晴,1000,G1,東京優駿（日本ダービー）,15,0,15,リオンリオン,jra_リオンリオン_2019,4,M,57.0,横山 武史,145.0,38.3
jra_2019_東京優駿日本ダービー_東京,2019-05-26,東京,芝,良,晴,1000,G1,東京優駿（日本ダービー）,16,0,18,シュヴァルツリーゼ,jra_シュヴァルツリーゼ_2019,4,M,57.0,石橋 脩,145.0,36.1
jra_2019_東京優駿日本ダービー_東京,2019-05-26,東京,芝,良,晴,1000,G1,東京優駿（日本ダービー）,17,0,4,サトノルークス,jra_サトノルークス_2019,4,M,57.0,池添 謙一,145.8,37.6
jra_2019_東京優駿日本ダービー_東京,2019-05-26,東京,芝,良,晴,1000,G1,東京優駿（日本ダービー）,18,0,12,アドマイヤジャスタ,jra_アドマイヤジャスタ_2019,4,M,57.0,M.デムーロ,146.9,37.4
jra_2020_東京優駿日本ダービー_東京,2020-05-31,東京,芝,良,曇,1000,G1,東京優駿（日本ダービー）,1,0,5,コントレイル,jra_コントレイル_2020,4,M,57.0,福永 祐一,144.1,34.0
jra_2020_東京優駿日本ダービー_東京,2020-05-31,東京,芝,良,曇,1000,G1,東京優駿（日本ダービー）,2,0,12,サリオス,jra_サリオス_2020,4,M,57.0,D.レーン,144.6,34.1
jra_2020_東京優駿日本ダービー_東京,2020-05-31,東京,芝,良,曇,1000,G1,東京優駿（日本ダービー）,3,0,6,ヴェルトライゼンデ,jra_ヴェルトライゼンデ_2020,4,M,57.0,池添 謙一,144.9,34.7
jra_2020_東京優駿日本ダービー_東京,2020-05-31,東京,芝,良,曇,1000,G1,東京優駿（日本ダービー）,4,0,1,サトノインプレッサ,jra_サトノインプレッサ_2020,4,M,57.0,坂井 瑠星,144.9,34.3
jra_2020_東京優駿日本ダービー_東京,2020-05-31,東京,芝,良,曇,1000,G1,東京優駿（日本ダービー）,5,0,13,ディープボンド,jra_ディープボンド_2020,4,M,57.0,和田 竜二,145.0,35.1
jra_2020_東京優駿日本ダービー_東京,2020-05-31,東京,芝,良,曇,1000,G1,東京優駿（日本ダービー）,6,0,11,ガロアクリーク,jra_ガロアクリーク_2020,4,M,57.0,川田 将雅,145.0,34.6
jra_2020_東京優駿日本ダービー_東京,2020-05-31,東京,芝,良,曇,1000,G1,東京優駿（日本ダービー）,7,0,7,ブラックホール,jra_ブラックホール_2020,4,M,57.0,石川 裕紀人,145.0,34.1
jra_2020_東京優駿日本ダービー_東京,2020-05-31,東京,芝,良,曇,1000,G1,東京優駿（日本ダービー）,8,0,3,ワーケア,jra_ワーケア_2020,4,M,57.0,C.ルメール,145.1,34.8
jra_2020_東京優駿日本ダービー_東京,2020-05-31,東京,芝,良,曇,1000,G1,東京優駿（日本ダービー）,9,0,14,マイラプソディ,jra_マイラプソディ_2020,4,M,57.0,横山 典弘,145.2,35.4
jra_2020_東京優駿日本ダービー_東京,2020-05-31,東京,芝,良,曇,1000,G1,東京優駿（日本ダービー）,10,0,8,ビターエンダー,jra_ビターエンダー_2020,4,M,57.0,津村 明秀,145.2,34.6
jra_2020_東京優駿日本ダービー_東京,2020-05-31,東京,芝,良,曇,1000,G1,東京優駿（日本ダービー）,11,0,15,サトノフラッグ,jra_サトノフラッグ_2020,4,M,57.0,武 豊,145.3,34.7
jra_2020_東京優駿日本ダービー_東京,2020-05-31,東京,芝,良,曇,1000,G1,東京優駿（日本ダービー）,12,0,10,コルテジア,jra_コルテジア_2020,4,M,57.0,松山 弘平,145.4,35.5
jra_2020_東京優駿日本ダービー_東京,2020-05-31,東京,芝,良,曇,1000,G1,東京優駿（日本ダービー）,13,0,9,ダーリントンホール,jra_ダーリントンホール_2020,4,M,57.0,M.デムーロ,145.5,34.7
jra_2020_東京優駿日本ダービー_東京,2020-05-31,東京,芝,良,曇,1000,G1,東京優駿（日本ダービー）,14,0,17,ヴァルコス,jra_ヴァルコス_2020,4,M,57.0,三浦 皇成,145.5,35.5
jra_2020_東京優駿日本ダービー_東京,2020-05-31,東京,芝,良,曇,1000,G1,東京優駿（日本ダービー）,15,0,4,レクセランス,jra_レクセランス_2020,4,M,57.0,石橋 脩,145.7,34.6
jra_2020_東京優駿日本ダービー_東京,2020-05-31,東京,芝,良,曇,1000,G1,東京優駿（日本ダービー）,16,0,16,マンオブスピリット,jra_マンオブスピリット_2020,4,M,57.0,北村 友一,146.0,34.9
jra_2020_東京優駿日本ダービー_東京,2020-05-31,東京,芝,良,曇,1000,G1,東京優駿（日本ダービー）,17,0,18,ウインカーネリアン,jra_ウインカーネリアン_2020,4,M,57.0,田辺 裕信,146.2,36.1
jra_2020_東京優駿日本ダービー_東京,2020-05-31,東京,芝,良,曇,1000,G1,東京優駿（日本ダービー）,18,0,2,アルジャンナ,jra_アルジャンナ_2020,4,M,57.0,浜中 俊,146.3,36.0
jra_2021_東京優駿日本ダービー_東京,2021-05-30,東京,芝,良,晴,0,G1,東京優駿（日本ダービー）,1,0,10,シャフリヤール,jra_シャフリヤール_2021,4,M,57.0,福永 祐一,142.5,33.4
jra_2021_東京優駿日本ダービー_東京,2021-05-30,東京,芝,良,晴,0,G1,東京優駿（日本ダービー）,2,0,1,エフフォーリア,jra_エフフォーリア_2021,4,M,57.0,横山 武史,142.5,33.4
jra_2021_東京優駿日本ダービー_東京,2021-05-30,東京,芝,良,晴,0,G1,東京優駿（日本ダービー）,3,0,11,ステラヴェローチェ,jra_ステラヴェローチェ_2021,4,M,57.0,吉田 隼人,142.7,33.4
jra_2021_東京優駿日本ダービー_東京,2021-05-30,東京,芝,良,晴,0,G1,東京優駿（日本ダービー）,4,0,13,グレートマジシャン,jra_グレートマジシャン_2021,4,M,57.0,戸崎 圭太,142.7,33.6
jra_2021_東京優駿日本ダービー_東京,2021-05-30,東京,芝,良,晴,0,G1,東京優駿（日本ダービー）,5,0,16,サトノレイナス,jra_サトノレイナス_2021,4,F,55.0,C.ルメール,142.7,34.0
jra_2021_東京優駿日本ダービー_東京,2021-05-30,東京,芝,良,晴,0,G1,東京優駿（日本ダービー）,6,0,14,タイトルホルダー,jra_タイトルホルダー_2021,4,M,57.0,田辺 裕信,143.1,34.3
jra_2021_東京優駿日本ダービー_東京,2021-05-30,東京,芝,良,晴,0,G1,東京優駿（日本ダービー）,7,0,8,ヨーホーレイク,jra_ヨーホーレイク_2021,4,M,57.0,川田 将雅,143.1,33.8
jra_2021_東京優駿日本ダービー_東京,2021-05-30,東京,芝,良,晴,0,G1,東京優駿（日本ダービー）,8,0,7,グラティアス,jra_グラティアス_2021,4,M,57.0,松山 弘平,143.1,34.4
jra_2021_東京優駿日本ダービー_東京,2021-05-30,東京,芝,良,晴,0,G1,東京優駿（日本ダービー）,9,0,6,バジオウ,jra_バジオウ_2021,4,M,57.0,大野 拓弥,143.3,34.0
jra_2021_東京優駿日本ダービー_東京,2021-05-30,東京,芝,良,晴,0,G1,東京優駿（日本ダービー）,10,0,12,ワンダフルタウン,jra_ワンダフルタウン_2021,4,M,57.0,和田 竜二,143.3,34.4
jra_2021_東京優駿日本ダービー_東京,2021-05-30,東京,芝,良,晴,0,G1,東京優駿（日本ダービー）,11,0,4,レッドジェネシス,jra_レッドジェネシス_2021,4,M,57.0,横山 典弘,143.6,33.7
jra_2021_東京優駿日本ダービー_東京,2021-05-30,東京,芝,良,晴,0,G1,東京優駿（日本ダービー）,12,0,9,ラーゴム,jra_ラーゴム_2021,4,M,57.0,浜中 俊,143.7,34.5
jra_2021_東京優駿日本ダービー_東京,2021-05-30,東京,芝,良,晴,0,G1,東京優駿（日本ダービー）,13,0,3,タイムトゥヘヴン,jra_タイムトゥヘヴン_2021,4,M,57.0,石橋 脩,143.8,34.3
jra_2021_東京優駿日本ダービー_東京,2021-05-30,東京,芝,良,晴,0,G1,東京優駿（日本ダービー）,14,0,2,ヴィクティファルス,jra_ヴィクティファルス_2021,4,M,57.0,池添 謙一,144.3,35.4
jra_2021_東京優駿日本ダービー_東京,2021-05-30,東京,芝,良,晴,0,G1,東京優駿（日本ダービー）,15,0,17,バスラットレオン,jra_バスラットレオン_2021,4,M,57.0,藤岡 佑介,145.4,36.8
jra_2021_東京優駿日本ダービー_東京,2021-05-30,東京,芝,良,晴,0,G1,東京優駿（日本ダービー）,16,0,5,ディープモンスター,jra_ディープモンスター_2021,4,M,57.0,武 豊,145.7,36.8
jra_2021_東京優駿日本ダービー_東京,2021-05-30,東京,芝,良,晴,0,G1,東京優駿（日本ダービー）,17,0,15,アドマイヤハダル,jra_アドマイヤハダル_2021,4,M,57.0,M.デムーロ,146.0,37.1
jra_2022_東京優駿日本ダービー_東京,2022-05-29,東京,芝,良,晴,0,G1,東京優駿（日本ダービー）,1,0,13,ドウデュース,jra_ドウデュース_2022,4,M,57.0,武 豊,141.9,33.7
jra_2022_東京優駿日本ダービー_東京,2022-05-29,東京,芝,良,晴,0,G1,東京優駿（日本ダービー）,2,0,18,イクイノックス,jra_イクイノックス_2022,4,M,57.0,C.ルメール,141.9,33.6
jra_2022_東京優駿日本ダービー_東京,2022-05-29,東京,芝,良,晴,0,G1,東京優駿（日本ダービー）,3,0,3,アスクビクターモア,jra_アスクビクターモア_2022,4,M,57.0,田辺 裕信,142.2,35.3
jra_2022_東京優駿日本ダービー_東京,2022-05-29,東京,芝,良,晴,0,G1,東京優駿（日本ダービー）,4,0,12,ダノンベルーガ,jra_ダノンベルーガ_2022,4,M,57.0,川田 将雅,142.3,34.3
jra_2022_東京優駿日本ダービー_東京,2022-05-29,東京,芝,良,晴,0,G1,東京優駿（日本ダービー）,5,0,6,プラダリア,jra_プラダリア_2022,4,M,57.0,池添 謙一,142.8,35.2
jra_2022_東京優駿日本ダービー_東京,2022-05-29,東京,芝,良,晴,0,G1,東京優駿（日本ダービー）,6,0,16,キラーアビリティ,jra_キラーアビリティ_2022,4,M,57.0,横山 武史,142.9,34.5
jra_2022_東京優駿日本ダービー_東京,2022-05-29,東京,芝,良,晴,0,G1,東京優駿（日本ダービー）,7,0,15,ジオグリフ,jra_ジオグリフ_2022,4,M,57.0,福永 祐一,142.9,34.9
jra_2022_東京優駿日本ダービー_東京,2022-05-29,東京,芝,良,晴,0,G1,東京優駿（日本ダービー）,8,0,7,オニャンコポン,jra_オニャンコポン_2022,4,M,57.0,菅原 明良,143.0,35.0
jra_2022_東京優駿日本ダービー_東京,2022-05-29,東京,芝,良,晴,0,G1,東京優駿（日本ダービー）,9,0,9,ジャスティンパレス,jra_ジャスティンパレス_2022,4,M,57.0,M.デムーロ,143.2,35.4
jra_2022_東京優駿日本ダービー_東京,2022-05-29,東京,芝,良,晴,0,G1,東京優駿（日本ダービー）,10,0,8,ビーアストニッシド,jra_ビーアストニッシド_2022,4,M,57.0,和田 竜二,143.5,36.2
jra_2022_東京優駿日本ダービー_東京,2022-05-29,東京,芝,良,晴,0,G1,東京優駿（日本ダービー）,11,0,2,セイウンハーデス,jra_セイウンハーデス_2022,4,M,57.0,幸 英明,143.9,36.4
jra_2022_東京優駿日本ダービー_東京,2022-05-29,東京,芝,良,晴,0,G1,東京優駿（日本ダービー）,12,0,1,アスクワイルドモア,jra_アスクワイルドモア_2022,4,M,57.0,岩田 望来,144.0,36.2
jra_2022_東京優駿日本ダービー_東京,2022-05-29,東京,芝,良,晴,0,G1,東京優駿（日本ダービー）,13,0,4,マテンロウレオ,jra_マテンロウレオ_2022,4,M,57.0,横山 和生,144.0,36.2
jra_2022_東京優駿日本ダービー_東京,2022-05-29,東京,芝,良,晴,0,G1,東京優駿（日本ダービー）,14,0,17,ロードレゼル,jra_ロードレゼル_2022,4,M,57.0,D.レーン,144.0,36.5
jra_2022_東京優駿日本ダービー_東京,2022-05-29,東京,芝,良,晴,0,G1,東京優駿（日本ダービー）,15,0,14,デシエルト,jra_デシエルト_2022,4,M,57.0,岩田 康誠,144.0,37.3
jra_2022_東京優駿日本ダービー_東京,2022-05-29,東京,芝,良,晴,0,G1,東京優駿（日本ダービー）,16,0,11,ジャスティンロック,jra_ジャスティンロック_2022,4,M,57.0,松山 弘平,144.7,36.0
jra_2022_東京優駿日本ダービー_東京,2022-05-29,東京,芝,良,晴,0,G1,東京優駿（日本ダービー）,17,0,10,マテンロウオリオン,jra_マテンロウオリオン_2022,4,M,57.0,横山 典弘,145.9,37.2
jra_2022_東京優駿日本ダービー_東京,2022-05-29,東京,芝,良,晴,0,G1,東京優駿（日本ダービー）,18,0,5,ピースオブエイト,jra_ピースオブエイト_2022,4,M,57.0,藤岡 佑介,149.1,41.7
jra_2023_東京優駿日本ダービー_東京,2023-05-28,東京,芝,良,晴,0,G1,東京優駿（日本ダービー）,1,0,12,タスティエーラ,jra_タスティエーラ_2023,4,M,57.0,D.レーン,145.2,33.5
jra_2023_東京優駿日本ダービー_東京,2023-05-28,東京,芝,良,晴,0,G1,東京優駿（日本ダービー）,2,0,5,ソールオリエンス,jra_ソールオリエンス_2023,4,M,57.0,横山 武史,145.2,33.3
jra_2023_東京優駿日本ダービー_東京,2023-05-28,東京,芝,良,晴,0,G1,東京優駿（日本ダービー）,3,0,11,ハーツコンチェルト,jra_ハーツコンチェルト_2023,4,M,57.0,松山 弘平,145.2,33.4
jra_2023_東京優駿日本ダービー_東京,2023-05-28,東京,芝,良,晴,0,G1,東京優駿（日本ダービー）,4,0,1,ベラジオオペラ,jra_ベラジオオペラ_2023,4,M,57.0,横山 和生,145.2,33.0
jra_2023_東京優駿日本ダービー_東京,2023-05-28,東京,芝,良,晴,0,G1,東京優駿（日本ダービー）,5,0,15,ノッキングポイント,jra_ノッキングポイント_2023,4,M,57.0,北村 宏司,145.4,33.4
jra_2023_東京優駿日本ダービー_東京,2023-05-28,東京,芝,良,晴,0,G1,東京優駿（日本ダービー）,6,0,3,ホウオウビスケッツ,jra_ホウオウビスケッツ_2023,4,M,57.0,丸田 恭介,145.4,34.0
jra_2023_東京優駿日本ダービー_東京,2023-05-28,東京,芝,良,晴,0,G1,東京優駿（日本ダービー）,7,0,13,シーズンリッチ,jra_シーズンリッチ_2023,4,M,57.0,戸崎 圭太,145.6,34.1
jra_2023_東京優駿日本ダービー_東京,2023-05-28,東京,芝,良,晴,0,G1,東京優駿（日本ダービー）,8,0,14,ファントムシーフ,jra_ファントムシーフ_2023,4,M,57.0,武 豊,145.6,33.5
jra_2023_東京優駿日本ダービー_東京,2023-05-28,東京,芝,良,晴,0,G1,東京優駿（日本ダービー）,9,0,10,シャザーン,jra_シャザーン_2023,4,M,57.0,岩田 望来,145.6,33.2
jra_2023_東京優駿日本ダービー_東京,2023-05-28,東京,芝,良,晴,0,G1,東京優駿（日本ダービー）,10,0,7,フリームファクシ,jra_フリームファクシ_2023,4,M,57.0,吉田 隼人,145.7,33.4
jra_2023_東京優駿日本ダービー_東京,2023-05-28,東京,芝,良,晴,0,G1,東京優駿（日本ダービー）,11,0,18,サトノグランツ,jra_サトノグランツ_2023,4,M,57.0,川田 将雅,145.9,33.1
jra_2023_東京優駿日本ダービー_東京,2023-05-28,東京,芝,良,晴,0,G1,東京優駿（日本ダービー）,12,0,8,メタルスピード,jra_メタルスピード_2023,4,M,57.0,津村 明秀,146.0,34.3
jra_2023_東京優駿日本ダービー_東京,2023-05-28,東京,芝,良,晴,0,G1,東京優駿（日本ダービー）,13,0,16,パクスオトマニカ,jra_パクスオトマニカ_2023,4,M,57.0,田辺 裕信,146.0,36.1
jra_2023_東京優駿日本ダービー_東京,2023-05-28,東京,芝,良,晴,0,G1,東京優駿（日本ダービー）,14,0,4,トップナイフ,jra_トップナイフ_2023,4,M,57.0,横山 典弘,146.2,33.1
jra_2023_東京優駿日本ダービー_東京,2023-05-28,東京,芝,良,晴,0,G1,東京優駿（日本ダービー）,15,0,9,グリューネグリーン,jra_グリューネグリーン_2023,4,M,57.0,石川 裕紀人,146.3,34.0
jra_2023_東京優駿日本ダービー_東京,2023-05-28,東京,芝,良,晴,0,G1,東京優駿（日本ダービー）,16,0,6,ショウナンバシット,jra_ショウナンバシット_2023,4,M,57.0,M.デムーロ,147.1,34.3
jra_2023_東京優駿日本ダービー_東京,2023-05-28,東京,芝,良,晴,0,G1,東京優駿（日本ダービー）,17,0,2,スキルヴィング,jra_スキルヴィング_2023,4,M,57.0,C.ルメール,150.3,38.5
jra_2024_東京優駿日本ダービー_東京,2024-05-26,東京,芝,良,晴,1000,G1,東京優駿（日本ダービー）,1,0,5,ダノンデサイル,jra_ダノンデサイル_2024,4,M,57.0,横山 典弘,144.3,33.5
jra_2024_東京優駿日本ダービー_東京,2024-05-26,東京,芝,良,晴,1000,G1,東京優駿（日本ダービー）,2,0,15,ジャスティンミラノ,jra_ジャスティンミラノ_2024,4,M,57.0,戸崎 圭太,144.7,33.9
jra_2024_東京優駿日本ダービー_東京,2024-05-26,東京,芝,良,晴,1000,G1,東京優駿（日本ダービー）,3,0,13,シンエンペラー,jra_シンエンペラー_2024,4,M,57.0,坂井 瑠星,144.9,33.4
jra_2024_東京優駿日本ダービー_東京,2024-05-26,東京,芝,良,晴,1000,G1,東京優駿（日本ダービー）,4,0,1,サンライズアース,jra_サンライズアース_2024,4,M,57.0,池添 謙一,145.0,34.4
jra_2024_東京優駿日本ダービー_東京,2024-05-26,東京,芝,良,晴,1000,G1,東京優駿（日本ダービー）,5,0,2,レガレイラ,jra_レガレイラ_2024,4,F,55.0,C.ルメール,145.0,33.2
jra_2024_東京優駿日本ダービー_東京,2024-05-26,東京,芝,良,晴,1000,G1,東京優駿（日本ダービー）,6,0,6,コスモキュランダ,jra_コスモキュランダ_2024,4,M,57.0,M.デムーロ,145.1,34.3
jra_2024_東京優駿日本ダービー_東京,2024-05-26,東京,芝,良,晴,1000,G1,東京優駿（日本ダービー）,7,0,11,シュガークン,jra_シュガークン_2024,4,M,57.0,武 豊,145.2,34.7
jra_2024_東京優駿日本ダービー_東京,2024-05-26,東京,芝,良,晴,1000,G1,東京優駿（日本ダービー）,8,0,18,エコロヴァルツ,jra_エコロヴァルツ_2024,4,M,57.0,岩田 康誠,145.2,34.7
jra_2024_東京優駿日本ダービー_東京,2024-05-26,東京,芝,良,晴,1000,G1,東京優駿（日本ダービー）,9,0,12,シックスペンス,jra_シックスペンス_2024,4,M,57.0,川田 将雅,145.3,34.0
jra_2024_東京優駿日本ダービー_東京,2024-05-26,東京,芝,良,晴,1000,G1,東京優駿（日本ダービー）,10,0,3,ジューンテイク,jra_ジューンテイク_2024,4,M,57.0,岩田 望来,145.3,34.1
jra_2024_東京優駿日本ダービー_東京,2024-05-26,東京,芝,良,晴,1000,G1,東京優駿（日本ダービー）,11,0,8,アーバンシック,jra_アーバンシック_2024,4,M,57.0,横山 武史,145.4,33.5
jra_2024_東京優駿日本ダービー_東京,2024-05-26,東京,芝,良,晴,1000,G1,東京優駿（日本ダービー）,12,0,10,サンライズジパング,jra_サンライズジパング_2024,4,M,57.0,菅原 明良,145.4,33.6
jra_2024_東京優駿日本ダービー_東京,2024-05-26,東京,芝,良,晴,1000,G1,東京優駿（日本ダービー）,13,0,14,ゴンバデカーブース,jra_ゴンバデカーブース_2024,4,M,57.0,松山 弘平,145.5,34.1
jra_2024_東京優駿日本ダービー_東京,2024-05-26,東京,芝,良,晴,1000,G1,東京優駿（日本ダービー）,14,0,9,ダノンエアズロック,jra_ダノンエアズロック_2024,4,M,57.0,J.モレイラ,145.6,34.1
jra_2024_東京優駿日本ダービー_東京,2024-05-26,東京,芝,良,晴,1000,G1,東京優駿（日本ダービー）,15,0,17,ショウナンラプンタ,jra_ショウナンラプンタ_2024,4,M,57.0,鮫島 克駿,145.6,34.0
jra_2024_東京優駿日本ダービー_東京,2024-05-26,東京,芝,良,晴,1000,G1,東京優駿（日本ダービー）,16,0,7,ミスタージーティー,jra_ミスタージーティー_2024,4,M,57.0,藤岡 佑介,145.6,33.4
jra_2024_東京優駿日本ダービー_東京,2024-05-26,東京,芝,良,晴,1000,G1,東京優駿（日本ダービー）,17,0,4,ビザンチンドリーム,jra_ビザンチンドリーム_2024,4,M,57.0,西村 淳也,145.8,33.7
